tt0012349,8.2,8.5,8.4,8.3,8.3
tt0013442,7.9,8.2,7.8,7.9,8.1
tt0015864,8.1,8,8.2,8.1,8.2
tt0017136,8.1,8.3,8.3,8.2,8.3
tt0017925,8,8,8.1,8.1,8.2
tt0021749,8.3,8.5,8.6,8.5,8.5
tt0021884,7.8,7.7,7.7,7.7,8.1
tt0022100,8.1,8,8.3,8.3,8.4
tt0024216,7.8,7.9,7.8,7.8,8.1
tt0025316,8,7.9,8.1,8,8.1
tt0027977,8.4,8.2,8.6,8.5,8.5
tt0029583,7.6,7.2,7.5,7.5,7.9
tt0031381,8.1,8,8.3,8.1,8.2
tt0031679,8,7.7,8.1,8.1,8.2
tt0032138,8,7.9,7.8,8,8.4
tt0032455,7.8,7.6,7.8,7.7,7.8
tt0032551,7.9,7.8,7.9,8,8.3
tt0032553,8.3,8.2,8.5,8.4,8.4
tt0032904,8,7.5,7.8,7.8,8.1
tt0032910,7.5,7.5,7.4,7.4,7.7
tt0032976,8,7.9,8.1,8,8.2
tt0033467,8.1,8.7,8.3,8.2,8.4
tt0033563,7.3,7.1,7.2,7.2,7.4
tt0033870,8,8.1,7.8,7.9,8.3
tt0034492,7.4,7.1,7.3,7.2,7.6
tt0034583,8.4,8.3,8.4,8.4,8.6
tt0035423,6.6,5.4,6.6,6.3,6.4
tt0036613,8,8.1,7.9,7.9,8.1
tt0036775,8.1,8.1,8.3,8.2,8.4
tt0038355,7.9,7.4,7.8,7.8,8.2
tt0038650,8.5,8.8,8.7,8.5,8.7
tt0038787,7.9,7.7,7.9,7.9,8.1
tt0040522,8.1,8.5,8.3,8.3,8.3
tt0040746,8,7.8,8.1,8,7.8
tt0040897,8,7.8,8.2,8.1,8.3
tt0041959,8.1,8,8.1,8.1,8.3
tt0042192,8.1,7.4,8.2,8.1,8.4
tt0042332,7.4,7.1,7.2,7.2,7.4
tt0042876,8.1,8.1,8.2,8.2,8.3
tt0043014,8.2,8.7,8.4,8.4,8.5
tt0043265,7.8,8,7.5,7.5,8.1
tt0043274,7.5,7.3,7.4,7.4,7.3
tt0043456,7.8,8,7.7,7.6,7.9
tt0044079,7.9,7.8,7.9,7.9,8.1
tt0044081,8,7.9,8,7.9,8
tt0044706,7.9,7.6,7.8,7.9,8.2
tt0044741,8,8.3,8.4,8.3,8.3
tt0045152,8.2,8.3,8.4,8.2,8.3
tt0046183,7.4,7.1,7.3,7.3,7.3
tt0046250,8.1,8,8.1,8,8
tt0046911,7.9,7.2,8.1,8.1,8
tt0046912,8.1,8,8.3,8.2,8
tt0047296,8.1,7.8,8.2,8.1,8.2
tt0047396,8.4,8.7,8.5,8.4,8.5
tt0047478,8.4,8.9,8.6,8.6,8.7
tt0048280,7.4,7.1,7.3,7.3,7.5
tt0048424,7.9,8.5,8,7.9,8.1
tt0048545,7.8,7.5,7.8,7.6,7.7
tt0048728,7.5,7.6,7.4,7.3,7.5
tt0049406,7.9,7.6,8,8,7.9
tt0049730,7.9,8.4,7.9,7.8,8.1
tt0049833,7.9,8,7.8,7.8,8
tt0050083,8.8,9.1,9.1,8.9,8.7
tt0050212,8.1,8.1,8.2,8.1,8.2
tt0050825,8.2,8.7,8.5,8.4,8.4
tt0050976,8.1,8.3,8.2,8.1,8.1
tt0050986,8,8.5,8.3,8.1,8.1
tt0051201,8.2,8.3,8.6,8.4,8.4
tt0052311,7.9,8.4,8,7.9,8.1
tt0052357,8.2,8.7,8.3,8.3,8.3
tt0052618,8,8,8.1,8,8.2
tt0053125,8.2,8.3,8.2,8.2,8.5
tt0053198,8,8.1,8.2,8,8
tt0053285,7.4,7,7.2,7.2,7.4
tt0053291,8.2,8.3,8.3,8.1,8.3
tt0053472,7.9,7.8,7.9,7.8,7.7
tt0053604,8.1,8.2,8.4,8.2,8.2
tt0053779,8,8.5,8.2,7.9,7.9
tt0054047,7.8,7.5,7.6,7.6,7.9
tt0054215,8.4,8.7,8.6,8.5,8.5
tt0054331,7.9,7.8,7.9,7.8,8
tt0054698,7.8,7.6,7.8,7.6,7.6
tt0054997,8,7.9,7.9,7.9,8
tt0055031,8.1,7.3,8.3,8.2,8.2
tt0055254,7.3,7.3,7.3,7.2,7.3
tt0055614,7.6,7.4,7.5,7.3,7.9
tt0055630,8,8.3,8.2,8.2,8.2
tt0055928,7.3,7.4,7.3,7.2,7.3
tt0056172,8.1,8.4,8.3,8.2,8.4
tt0056193,7.6,7.4,7.6,7.5,7.6
tt0056217,8,7.8,8.1,8,8.2
tt0056218,7.9,7.5,7.9,7.8,8
tt0056592,8.2,8.1,8.2,8.2,8.5
tt0056801,8,9,8.2,7.9,7.9
tt0056869,7.7,7.9,7.5,7.6,7.9
tt0056923,8,7.9,8,7.9,7.9
tt0057012,8.3,8.4,8.4,8.4,8.3
tt0057076,7.5,7.8,7.4,7.3,7.5
tt0057115,8.2,8.3,8.2,8.2,8.3
tt0057546,7.3,7,7.1,7.3,7
tt0058150,7.8,8.2,7.7,7.6,7.8
tt0058331,7.9,7.7,7.7,7.8,7.9
tt0058385,7.9,7.5,7.7,7.7,8
tt0058461,8,7.8,8,8,7.9
tt0059113,8,8.2,8,7.9,8.1
tt0059578,8.2,8.4,8.4,8.3,8.1
tt0059742,8.1,7.9,8,7.9,8.1
tt0059800,7.1,7,7,6.9,7.1
tt0060196,8.7,9.1,8.9,8.8,8.7
tt0060827,8,8.2,8.3,8,7.8
tt0061184,7.9,8.8,8.1,7.9,8
tt0061418,7.8,7.9,7.8,7.7,7.8
tt0061512,8.1,7.6,8.1,8.1,8.2
tt0061578,7.8,7.4,7.8,7.7,7.8
tt0061722,8,8,8.1,7.9,7.9
tt0061811,7.9,8.3,7.9,7.9,8.1
tt0061852,7.7,7.3,7.5,7.6,7.8
tt0062512,7,7.1,6.8,6.8,7
tt0062622,8.1,8.8,8.4,8.2,8.2
tt0063350,7.9,7.7,7.8,7.9,7.9
tt0063442,7.9,8.1,8,7.9,8
tt0063522,7.9,8.5,8.1,7.9,7.9
tt0064115,8,8.1,8.1,8,8.1
tt0064116,8.4,8.4,8.4,8.5,8.5
tt0064276,7.4,7.3,7.5,7.3,7.2
tt0064665,7.9,7.9,7.9,7.8,7.9
tt0064757,6.9,7.1,6.7,6.7,6.9
tt0065214,7.9,8.1,7.9,7.9,8
tt0065421,7.3,7.3,7.3,7,7.1
tt0066026,7.6,7.5,7.3,7.3,7.7
tt0066206,8,7.7,8,7.9,8
tt0066921,8.2,8.7,8.4,8.3,8
tt0066995,6.7,6.3,6.6,6.6,6.8
tt0066999,7.8,8.2,7.8,7.7,7.8
tt0067116,7.7,8,7.7,7.6,7.8
tt0067185,8,8.3,8,7.8,8
tt0067992,7.9,7.9,7.7,7.8,7.9
tt0068473,7.7,8.1,7.5,7.6,7.9
tt0068646,8.9,9.2,9.2,9.2,9.1
tt0069293,8,8.8,8.3,8,7.8
tt0069704,7.6,7.6,7.5,7.3,7.6
tt0069762,7.8,7.9,7.9,7.8,7.7
tt0070034,7.8,7.8,7.7,7.7,7.7
tt0070047,8,7.9,7.9,8,8.2
tt0070328,6.9,7,6.8,6.7,6.9
tt0070379,7.3,7.4,7.4,7.2,7.2
tt0070511,8.1,8,8,8,8.1
tt0070608,7.7,7.4,7.5,7.6,7.3
tt0070666,7.8,7.3,7.8,7.7,7.7
tt0070735,8.2,7.9,8.3,8.2,8.3
tt0070917,7.6,7.6,7.6,7.5,7.6
tt0071230,7.8,7.8,7.7,7.6,7.9
tt0071315,8.1,8.1,8.2,8.1,8.2
tt0071360,7.8,7.9,7.9,7.8,7.8
tt0071562,8.8,9.1,9,9,8.9
tt0071807,6.8,7.3,6.8,6.7,6.7
tt0071853,8.2,8.5,8.2,8.2,8.3
tt0072271,7.5,7.7,7.5,7.5,7.3
tt0072431,8.1,8.1,8,7.9,8.2
tt0072684,8,8.7,8.3,8,7.9
tt0072890,8,8.4,8.1,8,7.9
tt0073195,8,8.3,7.8,8,8.3
tt0073486,8.6,9,8.7,8.6,8.7
tt0073629,7.6,8,7.6,7.3,7.4
tt0074119,8,8,8,7.9,8
tt0074285,7.4,7.6,7.4,7.3,7.5
tt0074486,7.4,8,7.7,7.3,7
tt0074958,8,8.1,8.2,8.1,8
tt0075005,7.6,7.9,7.4,7.5,7.7
tt0075029,8,7.3,7.8,7.7,8
tt0075148,8.1,8.2,8.1,8,8
tt0075314,8.2,8.7,8.3,8.2,8.3
tt0075686,7.9,8.4,8,8,7.9
tt0075860,7.6,7.4,7.5,7.5,8
tt0076666,6.9,6.9,6.9,6.7,7
tt0076752,7.2,7.7,7.1,7,7.1
tt0076759,8.5,8.6,8.5,8.6,8.8
tt0076786,7.5,7.9,7.6,7.4,7.1
tt0077402,8,8,7.8,7.9,7.9
tt0077416,8.1,8.8,8.2,8.1,8.2
tt0077631,7.4,7,7.2,7.1,7.5
tt0077651,7.9,7.9,7.7,7.7,7.9
tt0077766,5.8,5.6,5.6,5.7,5.9
tt0077928,7.3,7.6,7.5,7.5,7.8
tt0077975,7.6,7.4,7.4,7.3,7.8
tt0078346,7.4,7.3,7.2,7.3,7.5
tt0078748,8.4,8.5,8.3,8.4,8.7
tt0078788,8.3,8.8,8.5,8.4,8.5
tt0078841,8,8.2,8,7.9,8
tt0079116,7.7,7.7,7.6,7.6,7.6
tt0079417,7.8,8.1,8,7.8,7.5
tt0079470,8.1,8.3,8,8.1,8.2
tt0079501,7,6.6,6.8,6.9,7.1
tt0079522,7.9,8.1,7.9,7.9,7.9
tt0079574,6.3,6.5,6.2,6.2,6.4
tt0079817,7.4,7.7,7.4,7.2,7
tt0079944,8.1,8.7,8.4,8.1,7.8
tt0079945,6.4,6.5,6.3,6.4,6.5
tt0080120,7.8,7.8,7.6,7.6,7.6
tt0080339,7.8,8,7.7,7.6,7.9
tt0080453,6,6,6,5.8,5.4
tt0080455,8,7.9,7.9,7.8,8
tt0080487,7.5,7.4,7.2,7.2,7.5
tt0080678,8.1,8.5,8.2,8.1,8.1
tt0080684,8.6,8.9,8.7,8.7,8.8
tt0080749,6.9,6.7,6.7,6.7,7
tt0080761,6.6,6,6.3,6.5,6.5
tt0081398,8.1,8.4,8.2,8.1,8.1
tt0081505,8.3,8.8,8.4,8.4,8.4
tt0081573,6.9,6.9,6.8,6.8,6.9
tt0082010,7.6,7.5,7.5,7.5,7.7
tt0082096,8.3,8.3,8.3,8.3,8.4
tt0082198,7.1,6.7,6.6,6.9,7
tt0082340,7.3,7.4,7.1,7.1,7.3
tt0082398,6.9,6.8,6.7,6.7,6.9
tt0082406,7.4,7.3,7.5,7.2,7
tt0082495,6.7,6.6,6.6,6.5,6.5
tt0082694,7.7,7.8,7.7,7.6,7.7
tt0082971,8.4,8.4,8.3,8.4,8.7
tt0083131,7,6.7,6.8,6.7,7.1
tt0083511,7,7.4,6.8,6.8,7.1
tt0083658,8.1,8.3,8,8.1,8.5
tt0083791,7.4,6.9,7,7.2,7.3
tt0083866,7.8,7.8,7.7,7.8,8.1
tt0083907,7.6,7.7,7.4,7.5,7.5
tt0083929,7.3,8.4,7.1,7.1,7.4
tt0083944,7.7,7.9,7.6,7.7,7.7
tt0083987,8,7.6,8,8,8.1
tt0084503,8.1,8.4,8.2,8,7.9
tt0084516,7.4,7.1,7.1,7.3,7.6
tt0084602,6.9,7,7,6.8,6.6
tt0084726,7.8,8,7.7,7.6,7.8
tt0084787,8.1,8.5,8.1,8.1,8.2
tt0084805,7.5,7,7.6,7.3,7.4
tt0084827,6.9,6.4,6.7,6.8,6.9
tt0085333,6.8,7.5,6.8,6.7,6.7
tt0085334,8,7.5,7.7,7.9,8.3
tt0085407,7.3,7.3,7.1,7.1,7.4
tt0085794,7.8,8.1,8,7.7,7.5
tt0085959,7.6,7.6,7.6,7.5,7.5
tt0085995,7.5,7.4,7.2,7.3,7.5
tt0086034,6.6,7,6.5,6.5,6.6
tt0086066,7.4,7.3,7.1,7,7.3
tt0086190,8.3,8.3,8.3,8.4,8.2
tt0086200,6.9,6.8,7,6.7,6.8
tt0086250,8.3,8.4,8.4,8.3,8
tt0086393,5.1,4.8,4.7,5,5
tt0086465,7.6,7.6,7.3,7.4,7.7
tt0086541,7.3,7.6,7.3,7.2,7
tt0086567,7.2,7.4,7,7,7.3
tt0086879,8.3,8.5,8.4,8.3,8.3
tt0086960,7.4,7.4,7.3,7.3,7.4
tt0086979,7.6,7,7.6,7.6,7.6
tt0087078,6,5.7,5.8,6,5.8
tt0087182,6.7,5.5,5.9,6.5,6.8
tt0087277,6.7,7.1,6.7,6.5,6.5
tt0087332,7.8,7.8,7.5,7.8,7.8
tt0087363,7.3,7.4,7.1,7.3,7.3
tt0087469,7.6,7.4,7.5,7.6,7.5
tt0087538,7.4,7.4,7.2,7.2,7.2
tt0087544,8.1,7.6,8.1,8.1,7.9
tt0087800,7.6,7.7,7.5,7.5,7.4
tt0087803,7.2,6.4,7.1,7.1,7.2
tt0087843,8.3,8.7,8.5,8.3,8.3
tt0087884,8,8.7,8.3,8,7.8
tt0087928,6.8,6.4,6.8,6.8,6.5
tt0088011,7,6.8,6.8,6.9,7.1
tt0088128,7.2,7,6.9,7,7.4
tt0088161,6.4,5.7,6.3,6.1,6.4
tt0088170,6.7,6.8,6.7,6.6,6.7
tt0088247,8,8.2,7.9,8,8.2
tt0088258,8.1,7.7,7.8,7.9,8.1
tt0088323,7.5,7,7.1,7.5,7.2
tt0088763,8.4,8.7,8.5,8.6,8.4
tt0088846,8,8.4,8,7.9,8
tt0088847,8,8.1,7.9,7.8,7.9
tt0088930,7.5,7.8,7.4,7.3,7
tt0088939,7.9,7.9,7.8,7.7,7.8
tt0088944,6.9,6.9,6.9,6.8,6.4
tt0088993,7.3,7.1,7.3,7.2,6.9
tt0089218,7.9,7.7,7.5,7.9,7.6
tt0089530,6.3,6.4,6.2,6.3,6.3
tt0089755,7.3,6.9,7.1,7.1,7.3
tt0089880,6.6,6.6,6.6,6.5,6.3
tt0089881,8.1,8.6,8.3,8.2,8.2
tt0089927,7,7.1,7,6.9,6.4
tt0090264,6.4,6.8,6.3,6.4,6.4
tt0090305,6.8,6.9,6.5,6.6,6.8
tt0090329,7.5,7.7,7.3,7.2,7.6
tt0090555,6.6,7.2,6.4,6.5,6.7
tt0090605,8.3,8.3,8.2,8.4,8.5
tt0090728,7.5,7.3,7.2,7.3,7.3
tt0090756,7.8,8.4,7.9,7.7,7.7
tt0090859,5.9,5.8,6.1,5.9,5.4
tt0090863,7,7,7.1,7,6.9
tt0091042,7.9,8,7.8,7.7,7.9
tt0091064,7.5,8,7.6,7.5,7.5
tt0091167,7.9,7.5,8,7.8,7.8
tt0091203,7.3,7,6.7,7.1,7.5
tt0091326,6.1,6.3,6.1,6,5.9
tt0091369,7.6,7,7.2,7.5,7.1
tt0091419,7.1,7.2,7.3,7,6.8
tt0091474,7.3,6.8,7.2,7.1,7.4
tt0091605,7.8,6.9,7.5,7.7,7.9
tt0091763,8.1,7.8,8,8.1,8.1
tt0091790,7,7.3,6.8,6.7,6.8
tt0092005,8.2,8.3,8.1,8.1,8.1
tt0092007,7.4,7.6,7.4,7.2,7.4
tt0092067,8,7.9,8.1,8,7.8
tt0092086,6.6,6.8,6.5,6.6,6.3
tt0092099,7.1,7.1,6.9,6.9,6.9
tt0092563,7.4,6.4,7.2,7.2,7.4
tt0092644,6.6,6.7,6.7,6.5,6.4
tt0092675,7,6.4,6.8,6.9,6.5
tt0092890,7.2,7.1,7.1,6.9,6.8
tt0092965,7.9,8,7.8,7.8,7.7
tt0092991,7.8,8.2,7.8,7.7,7.6
tt0093010,7,6.9,7,6.8,7
tt0093058,8.2,8.3,8.3,8.3,8.2
tt0093105,7.4,7.4,7.5,7.3,7.3
tt0093177,7.1,6.9,6.9,7,7.1
tt0093191,8,7.5,8.2,7.9,7.9
tt0093389,7.8,7.4,7.8,7.7,7.7
tt0093409,7.7,8,7.6,7.6,7.7
tt0093428,6.8,7.1,6.8,6.7,6.6
tt0093437,7.5,7,7.2,7.2,7.3
tt0093629,6.8,6.7,6.7,6.6,6.4
tt0093748,7.7,7.9,7.5,7.5,7.6
tt0093773,7.9,7.7,7.6,7.9,7.8
tt0093779,8.2,8,7.9,8,8.2
tt0093822,7.5,7.4,7.3,7.3,7.5
tt0093870,7.6,7.8,7.5,7.6,7.5
tt0093894,6.8,6.7,6.6,6.7,6.5
tt0094012,7.2,7.3,7,7.2,6.9
tt0094226,7.9,7.8,7.8,7.9,8
tt0094291,7.4,6.9,7.4,7.4,7.3
tt0094332,6.6,6.8,6.6,6.5,6.6
tt0094625,8.1,8,8.1,8,7.8
tt0094721,7.6,7.7,7.4,7.5,7.3
tt0094737,7.4,7.2,7.3,7.3,7.3
tt0094862,6.7,7,6.6,6.6,6.4
tt0094889,6,4.2,6.1,6,5.7
tt0094898,7.2,7.4,6.9,7.1,6.9
tt0094947,7.7,6.2,7.5,7.6,7.7
tt0095016,8.2,8.3,8.1,8.2,8.2
tt0095031,7.5,7.3,7.5,7.4,7.3
tt0095159,7.6,7.6,7.5,7.4,7.7
tt0095327,8.4,8.6,8.6,8.5,8.2
tt0095489,7.5,7,7.4,7.4,6.7
tt0095631,7.7,7.9,7.6,7.4,7.6
tt0095647,7.9,8,7.8,7.8,7.9
tt0095705,7.7,7.8,7.6,7.6,7.5
tt0095765,8.4,8.5,8.6,8.4,8.4
tt0095953,8,8.1,8.1,8,7.9
tt0095956,5.9,6,6,5.8,5.4
tt0095963,6.2,6.4,6.2,6.1,6
tt0096061,7.1,6.6,6.7,7,7
tt0096256,7.4,7.6,7.3,7.3,7.2
tt0096283,8.2,8.2,8.2,8.2,8.1
tt0096320,6.2,6.4,6.1,6,6.1
tt0096438,7.7,7.5,7.7,7.7,7.5
tt0096446,7.4,6.8,7,7.4,7.1
tt0096734,7.1,6.8,6.8,7,6.5
tt0096754,7.6,7.5,7.3,7.6,7.6
tt0096874,7.9,7.9,7.9,7.9,7.5
tt0096895,7.6,7.6,7.4,7.6,7.3
tt0096928,7.1,7.7,7.1,6.9,6.8
tt0096969,7.2,7.2,7.4,7.2,7
tt0097165,8.1,8.3,8.2,8,8
tt0097216,7.9,8.7,8.2,7.8,7.7
tt0097239,7.4,7.6,7.4,7.3,7.5
tt0097351,7.6,7.7,7.3,7.4,7.7
tt0097428,6.6,6.4,6.4,6.7,6.2
tt0097441,8,7.7,7.7,7.8,7.9
tt0097493,7.4,7.3,7.3,7.1,7.2
tt0097523,6.4,6.3,6.2,6.4,6.1
tt0097576,8.2,8.3,8.2,8.3,8.1
tt0097733,7.3,7.9,7.3,7.2,7.2
tt0097742,6.7,7.3,6.8,6.6,6.5
tt0097757,7.7,7.3,7.5,7.6,7.5
tt0097778,5.9,5.9,6,5.9,5.7
tt0097814,7.9,8.1,7.9,7.8,7.8
tt0097815,7.4,7.5,7.2,7.2,7.2
tt0097937,7.9,8.2,8,7.8,7.8
tt0097958,7.8,7.4,7.4,7.6,7.6
tt0098084,6.7,6.1,6.5,6.6,6.5
tt0098206,6.8,5.9,6.7,6.6,6.6
tt0098258,7.5,7.6,7.4,7.3,7.4
tt0098439,6.5,6.7,6.7,6.5,6.1
tt0098536,6.2,6.5,6.4,6.2,6
tt0098554,7.2,6.8,7,7,7
tt0098635,7.7,7.7,7.7,7.5,7.7
tt0099052,6.4,6.9,6.4,6.4,6.4
tt0099077,7.9,8.2,8.1,7.8,7.6
tt0099088,7.5,7.4,7.5,7.5,7.2
tt0099348,8,7.5,8,8,8
tt0099371,6.1,5.9,6.3,6.1,5.7
tt0099423,7.2,6.9,7.1,7.2,7.1
tt0099487,8,7.9,7.9,7.9,7.6
tt0099582,6.6,6.8,6.5,6.6,6.6
tt0099653,7.2,6.8,7.1,7,7.1
tt0099674,7.7,7.1,7.8,7.6,7.4
tt0099685,8.6,8.9,8.7,8.7,8.6
tt0099700,6.4,6.1,6.4,6.4,6
tt0099785,7.6,7.8,7.6,7.6,7.1
tt0099810,7.7,7.6,7.4,7.5,7.7
tt0099871,7.6,7,7.5,7.5,7.4
tt0099938,6.2,6.5,6.2,6.1,6.1
tt0100150,7.8,7.5,7.7,7.8,7.8
tt0100157,7.9,8,7.9,7.8,7.8
tt0100263,7.5,8,7.1,7.2,7.5
tt0100403,6.4,5.7,6.1,6.3,6.2
tt0100405,7.2,7.2,7.1,6.9,7
tt0100502,5.9,5.8,5.8,5.9,5.6
tt0100507,5.5,5.9,5.6,5.3,5
tt0100758,7,6.4,6.7,6.9,5.8
tt0100802,7.5,7.6,7.4,7.5,7.5
tt0100814,7.3,7.3,7.1,7.1,7.1
tt0100935,7.3,7.5,7.2,7.2,7.3
tt0101272,7,7.1,7.1,6.9,6.7
tt0101393,6.8,7,6.7,6.7,6.7
tt0101410,7.7,8.1,7.9,7.7,7.5
tt0101414,8.1,8,8.1,8,7.8
tt0101452,6.4,7.2,6.5,6.4,6
tt0101507,7.9,8.3,7.9,7.7,7.5
tt0101540,7.3,7.3,7.4,7.3,7.3
tt0101700,7.7,7.4,7.5,7.6,7.7
tt0101761,7.3,7.4,7.3,7.3,7.1
tt0101862,6.7,6.5,6.6,6.4,6.4
tt0101889,7.6,8.2,7.6,7.5,7.5
tt0101921,7.8,8.7,7.8,7.6,7.7
tt0102057,6.9,6.5,6.8,6.9,6.2
tt0102059,6.8,6.3,6.8,6.8,6.5
tt0102138,8,8.1,8.2,8,7.8
tt0102266,7.1,7,7,7,6.9
tt0102492,7.1,7.4,7.2,6.8,6.6
tt0102510,7,7.2,7.1,6.9,6.7
tt0102685,7.4,7.5,7.2,7.3,7.2
tt0102798,7,7,6.8,7,6.7
tt0102926,8.5,8.7,8.6,8.6,8.6
tt0102975,7.4,7.5,7.3,7.2,7.1
tt0103064,8.4,8.6,8.4,8.6,8.3
tt0103074,7.5,7.9,7.7,7.4,7.5
tt0103241,7.1,7.5,7.1,7,6.9
tt0103639,8.1,8,8,8.1,7.7
tt0103644,6.3,5.7,6.2,6.5,6.5
tt0103772,7,6.7,7.1,6.9,7
tt0103776,7.1,7.1,7,7.1,6.7
tt0103786,5.8,5.6,5.8,5.6,5.4
tt0103855,6.4,6.1,6.5,6.3,6.1
tt0103873,7.6,7.4,7.5,7.5,7.4
tt0103874,7.5,7.1,7.2,7.5,7.5
tt0103919,6.7,5.9,6.7,6.6,6.5
tt0104070,6.7,6.8,6.8,6.6,6.3
tt0104257,7.8,8,7.8,7.6,7.6
tt0104348,7.8,7.6,7.7,7.7,7.8
tt0104431,6.9,6.9,6.9,6.7,6.1
tt0104652,7.8,7.6,7.8,7.7,7.7
tt0104691,7.9,7.3,7.5,7.7,7.9
tt0104694,7.4,7.2,7.3,7.2,7.2
tt0104714,6.8,6.7,6.8,6.7,6.6
tt0104797,7.8,8.1,7.9,7.7,7.5
tt0104815,7,6.5,7,6.8,6.9
tt0104952,7.7,8.2,7.7,7.5,7.6
tt0105112,7,7.2,6.8,6.8,7
tt0105236,8.2,8.5,8.4,8.3,8.2
tt0105323,8.1,8.4,8.3,8,7.6
tt0105417,6.5,6.9,6.6,6.3,6.3
tt0105665,7.4,7.5,7.4,7.2,7
tt0105690,6.6,6.8,6.4,6.4,6.5
tt0105695,8.2,8.4,8.1,8.2,8.3
tt0105698,6.2,7.3,6.1,6.1,5.8
tt0105793,7.1,7.5,7.1,7,6.7
tt0105812,6.9,7.8,7,6.8,6.4
tt0106220,6.9,6.9,7.1,6.7,6.5
tt0106308,7.7,7.6,7.4,7.5,7.4
tt0106489,7.9,7.7,8,7.7,7.6
tt0106519,8,7.7,8,7.9,7.7
tt0106582,6.5,6.4,6.5,6.4,6.4
tt0106611,7.1,7.3,7.1,7,6.7
tt0106677,7.7,8,7.7,7.6,7.4
tt0106697,6.8,7.1,6.7,6.7,6.4
tt0106856,7.6,8,7.6,7.6,7.5
tt0106918,6.9,6.8,6.8,6.8,6.9
tt0106965,6.1,5.5,6.1,5.9,5.7
tt0106977,7.8,7.8,7.8,7.7,7.8
tt0107048,8,8,7.9,8.1,8.1
tt0107120,7.2,6,7,6.8,6.4
tt0107144,6.7,6.7,6.8,6.7,6.2
tt0107206,7.3,7.3,7.3,7.1,7.3
tt0107207,8.1,8.2,8.3,8.1,7.9
tt0107211,6,5.2,6.3,6,5.8
tt0107290,8.1,8.2,8.1,8.2,7.9
tt0107362,6.4,6.7,6.6,6.4,6.1
tt0107614,7.1,7.4,7.2,6.9,6.9
tt0107688,8.1,7.9,8,8,7.8
tt0107798,6.7,6.2,6.6,6.6,6.7
tt0107808,7.6,6.9,7.8,7.6,7.4
tt0107818,7.7,7.7,7.8,7.7,7.6
tt0107822,7.6,8.1,7.6,7.5,7.6
tt0107943,7.9,7.9,7.7,7.7,8
tt0107977,6.9,7.1,6.9,6.8,6.2
tt0108037,8,7.4,7.8,7.8,7.5
tt0108052,8.7,9,9,8.9,8.7
tt0108160,7,6.6,6.9,6.7,6.9
tt0108358,8,7.1,7.7,7.8,7.9
tt0108394,8,8.1,8,7.9,7.9
tt0108399,8,7.6,7.9,7.9,7.9
tt0108525,6.3,6.6,6.4,6.2,5.7
tt0108550,7.9,8.1,7.9,7.7,7.7
tt0109040,7,6.9,6.9,7,6.5
tt0109254,5.6,6.4,6,5.6,5.1
tt0109424,8.1,7.7,8.2,8,7.7
tt0109444,7,7.2,6.9,6.9,7
tt0109445,7.9,8,7.8,7.7,7.5
tt0109506,7.8,7.9,7.6,7.6,7.5
tt0109686,7.4,7,7.2,7.4,6.8
tt0109707,7.8,8.4,7.9,7.8,7.7
tt0109813,5,4.4,5,4.9,4.7
tt0109830,8.7,8.9,8.9,8.8,8.5
tt0109831,7.1,7,6.9,6.9,7.4
tt0110074,7.4,6.6,7.1,7.3,7.2
tt0110148,7.6,7.4,7.5,7.6,7.3
tt0110216,4.8,5.2,4.8,4.5,4.7
tt0110322,7.7,7.8,7.7,7.6,7.4
tt0110357,8.5,8.6,8.7,8.5,7.9
tt0110413,8.5,8.6,8.6,8.6,8.4
tt0110475,7,7.2,7,6.9,6.7
tt0110478,7.1,6.7,7.3,7.1,6.9
tt0110622,6.6,6.6,6.8,6.5,6.3
tt0110632,7.3,7.1,7.3,7.3,7.1
tt0110912,8.7,9.1,8.9,8.9,8.7
tt0110932,7.6,7.4,7.7,7.5,7.5
tt0110989,5.5,5.9,5.6,5.3,4.8
tt0111070,6.7,6,6.5,6.3,6.5
tt0111161,9.1,9.3,9.3,9.3,9.1
tt0111255,5.6,5.5,5.9,5.6,5.4
tt0111257,7.3,7.7,7.3,7.2,7.2
tt0111280,6.7,6.2,6.4,6.6,6.7
tt0111282,7.2,7.7,6.9,7.1,7.1
tt0111301,4.2,2.9,4.2,4,3.6
tt0111495,8,8.3,8.3,8,7.9
tt0111503,7.3,7.2,7.2,7.2,7.3
tt0111507,7.7,6.9,7.7,7.6,7.5
tt0112281,6.5,6.4,6.7,6.4,5.7
tt0112384,7.7,7.7,7.7,7.6,7.7
tt0112401,6.4,7.3,6.7,6.4,6.1
tt0112431,7,6.9,6.7,6.7,7.3
tt0112442,7,7.1,6.9,6.9,6.6
tt0112461,7.5,7.6,7.5,7.3,7
tt0112462,5.5,5,5.5,5.4,5.3
tt0112471,8.1,8.6,8.3,8,7.7
tt0112508,6.6,6.1,6.4,6.4,5.8
tt0112573,8.3,8.2,8.3,8.4,8.1
tt0112579,7.7,8.4,7.8,7.6,7.5
tt0112641,8.2,8.2,8.3,8.2,7.9
tt0112642,6.3,5.7,6.2,6.1,5.9
tt0112682,7.7,7.3,7.4,7.5,7.6
tt0112697,7.1,7.4,7,6.7,6.8
tt0112740,7.4,7.5,7.4,7.3,7.3
tt0112817,7.7,7.1,7.6,7.6,7.5
tt0112818,7.6,7.5,7.6,7.5,7.5
tt0112851,7.3,6.5,7.2,7.2,7
tt0112864,7.6,7.6,7.6,7.6,7.3
tt0112870,8.3,8.6,8.2,8.1,7.3
tt0113071,6,5.5,6.1,6,5.9
tt0113101,6.9,6.7,6.9,6.8,6.4
tt0113118,7.5,7.7,7.3,7.3,7.2
tt0113161,7,7.5,7,6.8,6.9
tt0113189,7.3,7.6,7.3,7.2,7
tt0113243,6.5,7,6.2,6.3,6.1
tt0113247,8.1,8.6,8.2,8.1,7.7
tt0113277,8.2,8.2,8.2,8.3,8.1
tt0113481,5.7,7,5.7,5.7,5.6
tt0113492,5.6,5.3,5.7,5.6,5.4
tt0113497,7.1,7,7.1,7,6.8
tt0113540,7.1,7.7,7.1,7.1,6.8
tt0113568,8.1,8,8,8,7.8
tt0113627,7.6,8.2,7.5,7.5,7.5
tt0113749,7.3,6.8,7.1,7.2,6.8
tt0113855,6.1,5.5,5.9,5.8,5.3
tt0114069,6.7,5,6.6,6.6,6.6
tt0114148,6.9,6.6,7,6.6,6.2
tt0114214,6.5,6.4,6.6,6.4,6.4
tt0114369,8.5,8.8,8.6,8.6,8.4
tt0114388,7.8,7.8,7.6,7.6,7.8
tt0114436,5,5.8,5.1,4.8,4.8
tt0114508,5.8,5.1,5.7,5.8,6
tt0114558,7.2,6.1,7.3,7.2,7.1
tt0114694,7.3,7.6,7.1,7.1,6.7
tt0114709,8.3,8.4,8.4,8.2,8.2
tt0114746,8,8,7.9,8,8
tt0114814,8.5,8.4,8.5,8.6,8.5
tt0114898,6.3,5.9,6.3,6.3,6.1
tt0114924,7,7.2,6.9,6.6,6.8
tt0115433,5.8,5.2,5.9,5.6,5.7
tt0115685,7.2,7.1,7.4,7.1,7
tt0115734,7.2,7,7.1,7,6.7
tt0115751,7.9,7.5,8,7.8,7.7
tt0115759,6.1,4,6.2,6,6
tt0115798,6.2,6.2,6.3,6.1,5.8
tt0115963,6.6,7,6.6,6.3,6.2
tt0116040,6,6.9,6.2,5.9,5.8
tt0116136,6.6,6.9,6.7,6.4,6.4
tt0116209,7.5,7.8,7.5,7.4,7.3
tt0116213,6.2,6.1,6.3,6.1,6.2
tt0116225,5.8,5.3,5.9,5.8,5.5
tt0116231,8.4,7,8.3,8.4,6.9
tt0116282,8.1,8.1,8.1,8.1,8.3
tt0116365,7.2,7.7,7.1,7.1,7.1
tt0116367,7.3,7.1,7.1,7.3,7.2
tt0116483,7.2,6.7,6.9,7,6.8
tt0116583,7.1,7.4,7.2,6.8,6.6
tt0116629,7,7,7,7,6.8
tt0116695,7.4,7.4,7.4,7.3,7.2
tt0116705,5.8,6.1,5.9,5.5,5.3
tt0116778,7,6.9,6.7,6.9,6.9
tt0116908,6.9,6.5,6.6,6.7,6.9
tt0116922,7.7,7.8,7.7,7.6,7.4
tt0116996,6.4,5.8,6.3,6.3,6.5
tt0117008,7.1,6.8,7,6.8,6.9
tt0117060,7.1,7.3,7.2,7.1,7
tt0117218,5.7,5.3,5.6,5.5,5.5
tt0117318,7.3,7.2,7.5,7.3,7.2
tt0117333,6.6,3.5,6.6,6.3,6.5
tt0117381,7.8,7.8,7.8,7.7,7.5
tt0117438,6.7,6.9,6.8,6.6,6.7
tt0117500,7.5,7.5,7.4,7.5,7.2
tt0117509,6.9,5.7,6.5,6.8,6.7
tt0117571,7.3,7.7,7.4,7.2,7.1
tt0117665,7.6,7.2,7.6,7.6,7.4
tt0117666,8,7.7,8,7.9,8.1
tt0117705,6.6,6.3,6.8,6.3,5.6
tt0117731,7.7,7.5,7.5,7.5,7.6
tt0117802,7.5,7.1,7.2,7.2,7.2
tt0117887,7.1,7.5,7.1,6.9,6.9
tt0117913,7.5,7.3,7.6,7.4,7.3
tt0117951,8.1,8.3,8.2,8.1,8
tt0117998,6.5,6.7,6.4,6.3,6.5
tt0118571,6.6,6.7,6.7,6.4,6.5
tt0118583,6.3,5,6,6.3,6.4
tt0118607,7.3,7.7,7.4,7.3,7.2
tt0118615,4.8,5,5,4.7,4.7
tt0118617,7.4,7.6,7.5,6.9,6.5
tt0118655,7.1,7.2,7,7,7
tt0118688,3.8,3.1,3.8,3.7,3.9
tt0118689,6.6,6.9,6.9,6.3,6
tt0118694,8.1,8.4,8.2,8,7.9
tt0118715,8.1,8.2,8,8.2,8
tt0118749,7.9,8.3,8.1,7.8,7.7
tt0118799,8.6,8.5,8.8,8.6,8.2
tt0118842,7.4,7.7,7.2,7.2,7.1
tt0118849,8.2,8.1,8.4,8.3,7.9
tt0118880,6.9,6.5,6.9,6.9,6.7
tt0118883,6.8,6.3,6.8,6.7,6.7
tt0118884,7.6,7.4,7.6,7.4,7.4
tt0118887,7,6.8,6.9,6.9,7
tt0118928,6,6.5,6,5.9,6
tt0118929,7.7,7.3,7.5,7.7,7.6
tt0118971,7.6,7.9,7.6,7.5,7.3
tt0118998,5.5,4.5,5.6,5.3,5.3
tt0119008,7.8,8,7.8,7.7,7.6
tt0119051,7.1,6.2,7.1,6.9,6.9
tt0119081,6.8,6.7,6.4,6.8,6.6
tt0119094,7.3,7.1,7.3,7.3,7
tt0119099,7.1,7,7,7,7
tt0119116,7.7,7,7.5,7.7,7.7
tt0119137,5.4,4.4,5.6,5.1,5
tt0119164,7.3,6.6,7.3,7.1,7.3
tt0119167,7.5,7.3,7.6,7.6,7.4
tt0119173,6,5.7,6.3,5.9,5.9
tt0119174,7.8,8,7.8,7.8,7.6
tt0119177,7.9,7.8,7.8,7.8,7.6
tt0119190,5.7,5.5,5.7,5.3,5.4
tt0119217,8.3,8.4,8.4,8.2,8.1
tt0119229,7.5,7.5,7.2,7.3,7.4
tt0119282,7.4,7.2,7.6,7.1,6.8
tt0119303,4.7,4.5,4.9,4.1,4
tt0119345,5.8,6.2,5.8,5.7,5.7
tt0119395,6.4,6.4,6.5,6.4,6.3
tt0119396,7.6,7.4,7.5,7.5,7.5
tt0119468,6.7,5.5,6.6,6.5,6.7
tt0119488,8.2,8.3,8.3,8.2,8.2
tt0119528,7,7.1,7,6.8,6.7
tt0119567,6.6,6.6,6.7,6.5,6.5
tt0119643,7.3,6.8,7.4,7.2,7
tt0119654,7.3,7.5,7.4,7.2,7.3
tt0119698,8.4,8.5,8.5,8.4,8
tt0119738,6.5,6.7,6.4,6.2,6.3
tt0119822,7.8,7.6,7.7,7.7,7.8
tt0119925,6.2,6.7,6.4,6,6.1
tt0119978,7.2,6.7,7.3,7.1,7.1
tt0120053,6.4,4.2,6.3,6.3,6.1
tt0120082,6.3,6.6,6.4,6,6.1
tt0120102,7.2,7.4,7.3,7.1,6.9
tt0120148,6.9,6.6,6.7,6.6,6.8
tt0120177,5.4,4.9,5.2,5.3,5.2
tt0120179,3.9,3.6,4.2,3.8,3.8
tt0120184,6.1,5.9,6.3,6.2,5.8
tt0120188,7.2,7.5,7.2,7.1,6.9
tt0120201,7.2,7.9,7.3,7.2,7.1
tt0120324,7.5,8.2,7.6,7.4,7.4
tt0120338,7.8,8,8.1,7.7,7.5
tt0120347,6.6,6.6,6.6,6.4,6.6
tt0120363,7.9,8,8,7.8,7.9
tt0120382,8.1,8.6,8.3,8.1,7.7
tt0120461,5.6,6.1,5.7,5.4,5.5
tt0120484,6.3,5.8,6.2,6.1,6
tt0120586,8.5,8.5,8.6,8.5,8.1
tt0120587,6.6,5.5,6.5,6.5,6.6
tt0120591,6.7,6.6,6.9,6.7,6.5
tt0120601,7.7,8.1,7.8,7.7,7.6
tt0120611,7.2,7.1,7,7.1,7.1
tt0120616,7.1,7,7.1,7,7.1
tt0120623,7.3,6.8,7.3,7.1,7.2
tt0120630,7.1,7.1,7.1,6.9,7.1
tt0120631,7.4,6.3,7.2,6.9,7
tt0120632,6.9,6.1,6.9,6.7,6.6
tt0120647,6.2,6.9,6.3,6.1,6.3
tt0120655,7.4,7.2,7.3,7.3,7.2
tt0120657,6.8,6.7,6.7,6.6,6.7
tt0120660,7.4,7.1,7.3,7.3,7.3
tt0120663,7.4,8.4,7.8,7.4,6.9
tt0120667,5.8,5.6,5.7,5.6,5.9
tt0120669,7.7,7.6,7.6,7.7,7.1
tt0120679,7.5,6.9,7.6,7.3,7.3
tt0120681,6.9,6.2,6.8,6.8,6.8
tt0120685,5.4,5.2,5.6,5.4,5.4
tt0120689,8.5,8.7,8.7,8.5,8.4
tt0120694,6,5.8,6,5.6,5.8
tt0120735,8.2,8.3,8.3,8.2,7.9
tt0120737,8.7,8.8,8.9,8.8,8.6
tt0120738,5.3,9.2,5.2,5.2,5.4
tt0120744,6.6,5.9,6.7,6.4,6.4
tt0120746,6.9,7.1,6.9,6.7,6.7
tt0120749,6.2,6.4,6.3,6.1,6.2
tt0120755,6.1,6,6.2,6.1,6.1
tt0120762,7.8,7.8,7.9,7.4,7.2
tt0120768,7.4,7.4,7.5,7.3,7.1
tt0120780,7.1,7.2,7.1,6.9,7
tt0120783,6.8,7.1,6.7,6.2,6.4
tt0120784,7.1,6.8,7.1,7.1,7.1
tt0120787,6.6,6.1,6.7,6.5,6.6
tt0120789,7.6,7.5,7.7,7.5,7.4
tt0120791,6.6,6,6.6,6.2,6.2
tt0120794,7.3,7.6,7.3,6.9,6.6
tt0120804,6.8,6,6.8,6.7,6.7
tt0120812,7.1,7.5,7.2,6.9,6.7
tt0120815,8.5,8.6,8.7,8.5,8.5
tt0120828,5.9,5.6,6,5.7,5.9
tt0120832,6,6.5,6.3,6,5.9
tt0120844,6.5,5.8,6.3,6.3,6.5
tt0120855,7.4,7.1,7.5,7,6.9
tt0120863,7.6,8.4,7.9,7.6,7.4
tt0120873,6.6,6.5,6.7,6.5,6.6
tt0120885,7.2,7.8,7.3,7.2,7
tt0120888,7,6.8,6.7,6.8,6.9
tt0120889,7.2,6.6,7.2,7.1,6.7
tt0120890,6.6,6.7,6.5,6.4,6.6
tt0120891,4.9,4.9,5.4,4.9,4.8
tt0120902,7.2,6.8,7.3,7,7
tt0120903,7.4,7.3,7.4,7.4,7.4
tt0120907,6.8,7.1,6.9,6.8,6.7
tt0120912,6.2,6.4,6.4,6,6.2
tt0120915,6.5,6.2,6.6,6.5,6.3
tt0120917,7.5,7.5,7.4,7.3,7
tt0121164,7.5,7.5,7.5,7.3,7.3
tt0121765,6.6,6,6.6,6.6,6.5
tt0121766,7.6,7.6,7.7,7.5,7.3
tt0122151,6.7,6.7,6.8,6.7,6.4
tt0122690,7.4,7.1,7.1,7.3,7.3
tt0122718,6.3,5.9,6.4,6,6.1
tt0122933,6.8,6.8,6.9,6.7,6.6
tt0123755,7.2,7.1,7,7.3,7.2
tt0124315,7.4,7.6,7.4,7.3,7.4
tt0125439,7.3,7.2,7.1,7,7.2
tt0125659,7.8,7.2,7.8,7.8,7.6
tt0125664,7.5,7.8,7.6,7.4,7.2
tt0126029,7.9,7.8,7.9,7.8,7.9
tt0126886,7.3,7.5,7.3,7.2,7.2
tt0127536,7.6,6.6,7.3,7.4,7.6
tt0128442,7.5,6.6,7.3,7.4,7.2
tt0128445,7.8,7.9,7.8,7.6,7.4
tt0128853,6.8,6.8,6.9,6.5,6.6
tt0129167,8.1,8.2,8.2,7.9,7.8
tt0129290,6.9,7.2,7.1,6.7,6.5
tt0129387,7.1,7,6.8,7.1,7.3
tt0130018,4.8,3.8,5,4.6,4.7
tt0130827,7.8,7.5,7.5,7.7,7.7
tt0131325,6.5,5.9,6.7,6.4,6.4
tt0132347,6.2,6.7,6.3,6,6.2
tt0132477,7.9,8,7.9,7.7,7.7
tt0133093,8.5,8.5,8.6,8.8,8.6
tt0133152,5.7,5.2,5.7,5.7,5.8
tt0133240,7.4,7.7,7.4,7,6.7
tt0133751,6.6,6.4,6.7,6.5,6.3
tt0133952,6.4,8,6.5,6.4,6.4
tt0134084,5.8,5.8,5.8,5.4,5.6
tt0134119,7.4,7.6,7.5,7.3,7.3
tt0134273,6.5,6.9,6.6,6.6,6.4
tt0134847,7.2,6.8,7.1,7.1,7.2
tt0137363,7.2,7,7.2,7.3,7.1
tt0137494,6.3,7.7,6.5,6.2,6.3
tt0137523,8.7,9.1,8.9,8.8,8.2
tt0138097,7.2,7,7.2,7,7.2
tt0138524,6.3,5.7,6.3,6.2,6.3
tt0138704,7.5,7.5,7.4,7.4,7.1
tt0138749,7.1,6.5,7.2,6.7,6.5
tt0139134,7,6.3,6.9,6.8,6.5
tt0139239,7.4,9,7.3,7.2,7.2
tt0139654,7.8,8,7.9,7.7,7.4
tt0139809,7.2,7.2,7.2,7.1,6.9
tt0140352,7.9,7.8,7.9,7.8,7.8
tt0141926,6.6,6.5,6.8,6.6,6.6
tt0142342,6.6,6.5,6.6,6.4,6
tt0142688,6.8,6.7,6.7,6.7,6.6
tt0143145,6.5,6.6,6.6,6.3,6.5
tt0144084,7.7,7.9,7.7,7.6,7.2
tt0144117,8,7.8,7.8,7.8,7.4
tt0145487,7.4,7.7,7.4,7.2,7.3
tt0145531,6.4,6.5,6.1,6.2,6.1
tt0145660,6.7,6.9,6.7,6.6,6.5
tt0145681,6.8,6.5,6.9,6.7,6.7
tt0146316,5.9,5.7,5.9,5.7,6
tt0146675,5.8,6.4,5.9,5.8,5.7
tt0146838,6.9,5.8,7,6.9,6.6
tt0146882,7.6,7.5,7.4,7.5,7.4
tt0147612,7.7,8,7.8,7.7,7.6
tt0147800,7.5,7.6,7.5,7.1,7
tt0149261,5.9,5.4,6,5.8,5.9
tt0150377,6.5,6.5,6.7,6.4,6.6
tt0151137,6.5,5.7,6.5,6.4,6.5
tt0151738,6.3,6.8,6.2,6,6.1
tt0151804,7.9,7.7,7.5,7.8,7.7
tt0152930,7.1,6.8,7.1,7,6.7
tt0154420,8,7.4,8,8,8
tt0154506,7.6,7.4,7.7,7.5,7.2
tt0155267,7,7,6.9,6.8,6.9
tt0158983,7.8,7.9,7.8,7.7,7.5
tt0159097,7.3,7.1,7.3,7.2,7
tt0159273,6.5,6.9,6.7,6.4,6.4
tt0159365,7.3,7.1,7.4,7.2,7.2
tt0160127,5.7,5.7,5.7,5.4,5.6
tt0160862,6.1,6.4,6.1,5.8,5.9
tt0161081,6.7,6.6,6.6,6.6,6.6
tt0162222,7.8,7.8,8,7.7,7.5
tt0162346,7.5,7.4,7.3,7.3,7.3
tt0162650,6,5.9,6.1,5.9,5.9
tt0162661,7.5,7.5,7.4,7.3,7.3
tt0163025,6,5.9,6.1,5.8,6
tt0163187,5.7,6.9,5.9,5.4,5.5
tt0163651,7.1,7.1,7.1,7,6.8
tt0163978,6.7,6.8,6.9,6.7,6.3
tt0163988,6.9,7.2,7.2,6.9,6.5
tt0164052,5.8,5.4,5.9,5.8,5.8
tt0164181,7.1,6.6,6.9,7,7
tt0164184,6.5,6.6,6.5,6.4,6.5
tt0164334,6.4,7,6.5,6.3,6.5
tt0164912,6,5.8,6.1,5.8,6
tt0165798,7.6,6.8,7.6,7.5,7.4
tt0165929,6.3,6.2,6.3,6.1,6.1
tt0166813,7.4,7.4,7.3,6.9,6.7
tt0166896,7.9,7.8,8,8,8
tt0166924,7.9,8.6,8.1,7.9,7.7
tt0167190,6.9,7,6.8,6.8,7
tt0167260,8.8,9.1,9.1,8.8,8.7
tt0167261,8.6,8.8,8.9,8.7,8.5
tt0167404,8.1,8.3,8.2,8.1,8.2
tt0168629,8,8.4,8.2,8,7.5
tt0169102,8.2,8.4,8.4,8,7
tt0169547,8.2,8.6,8.5,8.3,8.1
tt0170016,6.4,6.3,6.4,6,5.9
tt0171363,5,5.4,5,5,5.1
tt0171804,7.6,7.6,7.7,7.5,7.4
tt0172156,6.7,6.7,6.8,6.5,6.2
tt0172493,7.5,7.5,7.7,7.3,7.1
tt0172495,8.5,8.3,8.6,8.5,8.3
tt0173840,6.6,6.5,6.3,6.4,6.5
tt0174856,7.6,6.9,7.8,7.6,7.4
tt0175142,6.3,6.2,6.3,6.2,5.8
tt0175880,7.9,8.4,8.2,8,7.7
tt0177789,7.4,7.1,7.3,7.2,7.5
tt0177971,6.4,6.4,6.6,6.3,6.5
tt0178868,7.3,7,7.1,7.3,7.3
tt0180093,8.2,8.5,8.4,8.3,7.9
tt0181316,6.5,6.8,6.7,6.2,6
tt0181536,7.5,6.2,7.5,7.3,7.2
tt0181689,7.7,7.7,7.7,7.6,7.5
tt0181852,6.4,5.9,6.4,6.2,6.5
tt0181865,7.6,6.8,7.6,7.6,7.5
tt0181875,8,8.2,8,7.8,7.8
tt0182789,7,6.7,7.1,6.8,6.7
tt0183505,6.6,6.4,6.7,6.6,6.3
tt0183523,5.6,6.7,5.8,5.7,5.8
tt0183649,7.1,7.3,7.2,7,6.8
tt0183790,7.1,6.6,7.2,6.8,6.9
tt0184894,6.7,6.6,6.8,6.5,6.4
tt0185014,7.5,7.5,7.3,7.3,7.2
tt0185125,7.9,7.2,7.9,7.8,7.9
tt0185183,2.7,1.3,2,2.5,2.7
tt0185431,5.5,4.4,5.6,5.3,4.9
tt0185937,6.4,6.8,6.6,6.5,6.1
tt0186151,7.5,7.2,7.6,7.3,7.3
tt0186566,6.5,5.5,6.6,6.3,6.6
tt0187078,6.6,6.2,6.7,6.5,6.2
tt0187393,7.3,7.7,7.5,7.1,7
tt0187738,6.8,6.4,6.7,6.6,6.7
tt0190138,6.8,5.6,6.8,6.7,6.7
tt0190332,7.9,7.9,7.8,7.8,7.9
tt0190590,7.8,7.8,7.7,7.7,7.8
tt0195685,7.4,7.6,7.5,7.3,7.4
tt0195714,6.8,6.6,6.7,6.7,6.7
tt0196229,6.7,6.6,6.6,6.6,6.2
tt0198781,8.1,8.1,8.2,8,8
tt0200465,7.3,7,7.3,7.2,7.2
tt0200550,5.9,6.2,6,5.6,5.6
tt0203009,7.8,7.9,7.7,7.5,7.3
tt0203019,7.4,6.5,7.6,7.2,7
tt0204946,6.3,6,6.1,5.9,6.1
tt0205000,5.8,5.5,5.7,5.7,5.7
tt0206314,6.7,6.4,6.8,6.5,6.5
tt0206634,7.9,8.3,8.1,7.9,7.6
tt0207201,6.5,5.9,6.5,6.4,6.4
tt0208003,5.3,5.5,5.5,5,4.8
tt0208092,8.3,8.1,8.3,8.3,8
tt0209144,8.4,8.7,8.5,8.4,8.2
tt0209163,6.5,6.2,6.5,6.3,6.4
tt0209475,5.5,5.8,5.6,5.1,5.3
tt0209958,6.4,5.8,6.4,6.4,6.3
tt0210945,7.9,7.9,7.9,7.7,7.5
tt0211915,8.2,7.9,8.2,8.3,8.2
tt0211933,6.7,6.8,6.7,6.5,6.3
tt0212338,7,7.1,7,7,6.9
tt0212346,6.5,6.1,6.4,6.1,6.3
tt0212720,7.2,7.3,7.4,7.1,7
tt0212985,6.8,6.8,7,6.8,6.6
tt0213149,6.3,5.5,6.7,6.1,5.8
tt0213847,7.6,6.8,7.6,7.5,7.4
tt0215129,6.6,6.1,6.5,6.5,6.2
tt0215750,7.7,7.4,7.7,7.6,7.5
tt0216216,6,5.4,6.1,5.8,6
tt0217505,7.5,7.7,7.7,7.5,7.3
tt0217869,7.3,7.7,7.4,7.2,7.2
tt0218967,7,6,6.8,6.7,6.8
tt0219699,6.8,5.2,6.6,6.6,6.8
tt0219965,6.7,5.7,6.7,6.5,6.5
tt0221027,7.7,7.3,7.7,7.6,7.2
tt0223897,7.3,6.5,7.4,7.1,7
tt0227445,6.9,6.6,7,6.8,6.8
tt0227538,5.6,5.6,5.7,5.1,5.7
tt0230011,7,7.1,7.1,6.7,6.6
tt0230030,6.2,4.8,6.2,6,5.9
tt0230600,7.7,7.9,7.6,7.6,7.6
tt0230838,6.9,6,7,6.7,6.3
tt0232500,6.9,6.9,7,6.7,6.4
tt0233469,5.6,5.5,5.8,5.4,5.6
tt0234215,7.2,7,7.3,7.2,7
tt0235198,7.2,7.4,7.2,7.2,7.1
tt0236493,6.1,6.9,6.4,6.1,6
tt0237534,7.2,6.5,6.9,7,7.1
tt0238380,7.6,6.9,7.4,7.5,7.2
tt0240772,7.8,7.7,7.9,7.7,7.5
tt0240890,7.1,6.2,7,6.8,6.8
tt0241303,7.4,7,7.3,7.2,7.3
tt0241527,7.7,7.9,7.9,7.3,7.5
tt0242423,5.7,4.9,5.8,5.5,5.2
tt0242653,6.8,6.5,6.9,6.7,6.6
tt0243133,7.6,8,7.7,7.5,7.4
tt0243155,6.9,6.8,6.8,6.6,6.8
tt0244244,6.6,6.7,6.6,6.5,6.5
tt0245429,8.5,8.8,8.7,8.5,8.3
tt0245562,6.1,6.4,6.4,6,6.1
tt0245574,7.7,8.4,7.9,7.6,7.5
tt0245674,5.7,5.6,5.7,5.6,5.7
tt0245712,8,7.6,8.1,8.1,8
tt0245844,7.9,7.4,7.9,7.7,7.5
tt0246460,6.1,6,6.2,6,6.3
tt0246578,8.1,8.3,8.2,8,7.7
tt0247638,6.6,6.6,6.5,6,6.2
tt0247745,7.3,5.9,7,7.2,6.6
tt0248667,6.8,7.1,7,6.8,6.5
tt0249462,7.9,7.7,7.7,7.7,7.8
tt0250258,7.8,7,7.7,7.7,7.5
tt0250494,6.5,6.5,6.4,6.1,6.4
tt0250687,6.6,6.1,6.7,6.3,6.2
tt0250797,6.8,6.7,6.8,6.7,6.7
tt0251075,6.2,5.6,6.2,6,6
tt0251127,6.6,6.6,6.5,6.3,6.2
tt0251160,7.2,6.9,7.4,7,6.7
tt0251736,6.2,5.6,6.1,6.1,5.9
tt0252076,5.3,6.2,5.6,5,5.3
tt0252866,6.6,6.7,6.6,6.3,6.1
tt0253474,8.5,8.6,8.7,8.5,8.2
tt0253556,6.3,6.7,6.3,6.2,6.3
tt0253754,6.5,6.6,6.3,6.4,6.5
tt0256009,7.5,6.7,7.4,7.4,7.5
tt0256380,6,5.5,5.9,5.9,6.1
tt0256415,6.5,5.9,6.3,6.1,6.3
tt0257044,7.8,7.9,7.8,7.7,7.5
tt0257076,6.1,5.1,6.3,6,5.9
tt0257106,5.5,4.9,5.5,5.2,5
tt0257360,7.1,6.3,7.3,7.1,7
tt0258000,6.9,7.2,6.9,6.7,6.7
tt0258463,8,7.7,7.9,7.9,8
tt0259324,5.4,5.4,5.4,5.1,5.4
tt0259446,6.8,6.3,6.6,6.4,6.8
tt0259711,7,6.7,7.1,6.9,6.5
tt0261392,7.1,6.4,6.9,6.8,6.6
tt0263488,6.2,6.8,6.2,6.1,6.4
tt0264464,8.1,8.4,8.3,8,7.7
tt0264472,6.5,5.7,6.6,6.4,6.5
tt0264616,7.3,6.5,7.2,7.2,7.3
tt0265086,7.8,7.4,7.8,7.6,7.7
tt0265208,7,7.1,6.8,6.7,6.5
tt0265349,6.6,6.5,6.4,6.4,6.5
tt0265459,6.9,7.1,7,6.7,6.7
tt0265666,7.7,8,7.8,7.6,7.1
tt0266308,7.7,7.7,7.6,7.7,7.4
tt0266543,8.1,8.2,8.2,8.1,8.1
tt0266697,8,8.3,8.2,8.1,7.9
tt0266915,6.8,7.2,6.9,6.5,6.3
tt0266987,7.2,6.9,7.1,7,7
tt0267804,6,5.7,6.1,5.9,5.9
tt0267913,5.4,5.6,5.3,4.7,5
tt0268126,7.7,8.2,7.9,7.7,7.3
tt0268380,7.6,7.4,7.6,7.5,7.4
tt0268695,6.1,5.7,6.1,5.9,5.9
tt0268978,8.2,8.2,8.4,8.1,7.8
tt0270288,7.1,6.6,7.1,7.1,6.8
tt0271027,6.8,6.1,6.8,6.6,6.6
tt0272020,7,7,7.2,6.9,6.8
tt0272152,7.5,7.3,7.6,7.4,7.1
tt0272338,7.3,8.2,7.5,7.2,6.9
tt0274166,6.4,6.9,6.6,6,5.9
tt0274558,7.6,7.6,7.7,7.5,7.4
tt0274812,7.2,5.6,6.7,7,7.1
tt0275847,7.4,7.6,7.3,7.1,7
tt0276751,7.2,7.5,7,7,7.1
tt0276919,8,8,8.3,8.1,7.5
tt0277027,7.8,7.5,7.9,7.6,7.3
tt0277296,5.7,7.4,5.6,5.4,5.7
tt0277371,5.9,5.6,5.7,5.7,5.7
tt0277434,7.3,7.3,7.4,7,7.3
tt0278504,7.3,7.3,7.4,7.1,7
tt0280590,5.9,5.7,6,5.7,5.6
tt0280707,7.3,7.1,7.3,7.2,7.4
tt0281358,7.7,7.5,7.6,7.2,6.9
tt0283111,6.6,7.1,6.4,6.5,6.2
tt0284837,6.4,6.8,6.4,6.2,5.9
tt0285492,5.7,5,5.5,5.6,5.6
tt0285531,5.6,4.8,5.5,5.5,5.6
tt0285742,7.1,6.3,7,7,7.2
tt0285823,6.5,5.5,6.6,6.3,6.2
tt0286106,6.8,6.8,6.8,6.7,6.7
tt0286112,7.4,7.5,7.3,7.2,7.2
tt0286499,6.9,6,6.5,6.5,7
tt0286716,5.7,5,5.6,5.6,5.8
tt0287467,8,8.9,8,7.9,8
tt0287978,5.4,4.5,5.4,5.2,5.5
tt0288477,5.7,5.9,5.5,5.5,5.7
tt0289043,7.6,7.6,7.5,7.6,7.4
tt0289765,7.3,7.5,7.4,7.2,7
tt0289848,6,5.5,6.3,5.9,5.7
tt0289879,7.8,7.6,7.8,7.6,7.3
tt0289992,7.7,6.1,7.8,7.6,7.3
tt0290002,6.4,6.5,6.4,6.3,6.3
tt0290095,5.5,6.1,5.7,5.2,5.3
tt0290334,7.5,7.3,7.4,7.4,7.4
tt0290673,7.4,7.2,7.5,7.3,7
tt0292490,8.2,8,8.3,8.1,6.2
tt0292506,6.7,5.8,6.8,6.6,6.5
tt0292963,7.3,7.4,7.4,7.2,7.3
tt0293508,7.7,6.6,7.4,7.1,7.1
tt0293564,6.5,6.5,6.5,6.1,5.9
tt0293662,6.9,6.8,6.9,6.8,6.8
tt0295178,6.3,6.5,6.4,6.1,6.1
tt0295297,7.6,7.7,7.7,7.2,7.3
tt0295700,6.3,6.1,6.1,6,6.2
tt0295701,6,5.7,6,5.8,5.9
tt0296572,6.8,6.3,6.7,6.6,6.8
tt0298130,7.2,7,7,7.1,7.1
tt0298148,7.3,7.5,7.3,7.1,7.2
tt0298203,7.3,7.8,7.5,6.9,6.8
tt0298814,5.6,6.1,5.8,5.4,5.5
tt0299658,7.3,7.1,7.5,7,7
tt0299977,7.9,7.5,7.9,7.9,7.8
tt0300051,6.4,6.2,6.3,6.1,6.1
tt0300471,6.4,6.8,6.5,6.1,6.1
tt0301357,7.8,7.4,7.8,7.7,7.6
tt0302640,5.8,4.6,5.6,5.4,5.4
tt0302886,7.3,6.6,7,7.2,6.8
tt0303816,5.6,5.9,5.7,5.6,5.6
tt0304141,8,8.3,8.1,7.7,7.7
tt0304415,6.7,6.6,6.9,6.4,6.4
tt0305224,6.3,5.9,6.4,6.2,6
tt0305357,5,4.8,5.2,4.7,4.9
tt0305711,5.7,4.4,5.7,5.4,5.3
tt0306047,5.7,5.2,5.7,5.3,5.3
tt0307453,6.1,5.3,6,5.9,5.9
tt0307479,6.3,6.1,6.2,6.2,6.2
tt0307901,7.7,7.1,7.7,7.6,7.4
tt0307987,7.2,7.2,6.9,7.1,7
tt0308644,7.9,7.8,7.7,7.7,7.6
tt0309593,6.3,6,6.2,6.1,6.3
tt0309698,7.4,7.4,7.4,7.3,7.1
tt0309987,7.3,6.8,7.4,7.1,6.9
tt0310775,7.7,6.8,7.6,7.6,7.5
tt0311113,7.5,7,7.5,7.3,7.5
tt0311289,7.3,6.9,7.2,6.9,6.9
tt0311429,5.9,5.5,6.1,5.7,5.9
tt0312004,7.5,7.6,7.3,7.4,7.6
tt0313542,7.2,7,7.2,7.1,7.1
tt0313737,6.2,6.4,6.3,6,6.1
tt0314331,7.7,7.5,7.5,7.6,7.7
tt0314353,6.8,7.1,6.9,6.6,6.6
tt0315327,6.8,6.8,7,6.7,6.5
tt0315733,7.7,7.9,7.7,7.7,7.5
tt0315983,7.6,6.3,7.5,7.5,7.5
tt0316356,7.6,6.8,7.4,7.3,7.6
tt0316396,7.2,6.5,6.8,6.7,6.9
tt0316654,7.4,7.8,7.4,7.2,7.3
tt0317198,6.2,6.1,6.2,5.9,5.9
tt0317219,7.3,7.4,7.1,7.1,7.3
tt0317248,8.5,8.4,8.7,8.6,8.3
tt0317303,5.8,5.6,5.6,5.4,5.5
tt0317648,6.8,6.9,6.8,6.6,6.8
tt0317705,8,8.3,8.1,7.9,8.1
tt0317740,7.1,6.4,7.1,6.9,6.9
tt0317919,7,7,7,6.8,6.8
tt0318462,7.9,7.5,7.9,7.8,7.6
tt0318627,6.4,5.9,6.4,6.1,6.2
tt0318649,6.2,4.9,6.1,5.9,6.1
tt0319061,8,8.1,8.1,8,7.7
tt0319262,6.5,6.5,6.6,6.3,6.4
tt0319343,7.1,6.8,6.9,6.9,6.9
tt0320661,7.4,7.3,7.4,7.2,7.1
tt0320691,7.2,6.6,7.1,7,7.1
tt0322259,6.1,5.8,6.3,5.7,5.6
tt0322330,6.4,6.3,6.2,6,6.2
tt0324216,6.3,6.2,6.2,6.2,6.1
tt0325703,5.7,5.3,5.7,5.4,5.7
tt0325710,7.8,8,7.9,7.7,7.5
tt0325805,7.4,7.2,7.4,7.3,7
tt0325980,8.1,8.2,8.2,8,7.7
tt0327056,7.9,8.1,8,7.9,7.8
tt0327084,6.8,6.7,6.6,6.8,6.8
tt0327437,6,5.9,6.1,5.7,5.7
tt0327554,3.6,2.7,3.5,3.2,3.8
tt0327597,7.8,8.1,7.8,7.6,7.5
tt0327679,6.5,6.2,6.3,6.1,6.5
tt0327850,6.9,8.7,6.8,6.6,6.6
tt0328107,7.9,7.6,7.8,7.7,7.5
tt0328538,7,6.9,6.8,6.7,6.7
tt0328828,6.4,6.3,6.5,6.2,6
tt0328880,7,7.1,6.9,6.7,6.5
tt0329101,6,5.9,5.8,5.7,5.6
tt0329575,7.4,6.2,7.2,7.2,7.5
tt0329774,4.6,5.1,4.7,4.2,4.5
tt0330373,7.8,7.9,7.8,7.5,7.5
tt0330793,6.6,6.1,6.6,6.4,6.3
tt0332280,8,7.5,7.8,7.8,7.7
tt0332379,7.3,7.6,7.2,7,7
tt0332452,7.4,7.5,7.5,7.1,6.9
tt0333766,7.7,7.7,7.4,7.5,7.1
tt0333780,5,5.8,5,4.5,4.8
tt0335119,7,6.8,6.9,6.8,7.1
tt0335245,6.2,6.5,6.4,6.2,6.1
tt0335266,7.7,7.8,7.7,7.7,7.5
tt0335345,7.3,7.3,7.2,7,7.2
tt0335438,6.2,6.1,6.3,6.1,5.8
tt0337563,6.4,6.6,6.3,6,6.3
tt0337741,6.9,6.2,6.7,6.7,6.9
tt0337921,6.6,6.9,6.7,6.4,6.5
tt0337978,7.2,6.1,7.1,7.1,7.1
tt0338013,8.3,8.5,8.4,8.3,7.8
tt0338095,6.9,6.4,6.7,6.8,6.8
tt0338337,6.3,5.7,6.5,6.2,6.3
tt0338348,6.8,6.8,6.7,6.5,6.7
tt0338526,6.2,6,6.4,5.9,6
tt0338564,8,8.1,8,8.1,7.8
tt0338751,7.5,8,7.7,7.4,7.3
tt0339291,6.9,6.7,6.8,6.8,6.7
tt0340163,6.7,6.3,6.7,6.5,6.5
tt0340377,7.7,7.7,7.6,7.6,7.7
tt0340855,7.4,7.4,7.4,7.2,7.3
tt0342258,7.2,7,7.2,7,6.8
tt0343135,6,6.4,6,5.9,6
tt0343660,7,6.6,6.8,6.8,6.8
tt0343737,6.8,6.8,6.6,6.6,6.7
tt0343818,7.2,7.1,7.2,7,7
tt0344510,7.8,7,7.7,7.6,7.7
tt0345950,7.2,7.7,7.1,6.9,6.7
tt0346156,6.2,5,6.1,5.9,6.2
tt0346491,5.7,5.2,5.9,5.5,5.5
tt0347149,8.3,8.2,8.3,8.1,7.9
tt0347304,8.3,8.1,8.3,7.6,7.1
tt0348150,6.2,6.2,5.9,6,6.2
tt0348333,7,7.5,6.7,6.8,6.6
tt0348836,5.9,5.4,6,5.8,5.9
tt0349205,6.1,5.7,6,5.7,5.8
tt0349683,6.4,6.5,6.4,6.2,6.4
tt0349903,6.5,6.4,6.7,6.4,6.2
tt0350258,7.8,7.7,7.8,7.7,7.6
tt0351283,7,6.9,7,6.9,6.9
tt0351977,6.5,8.3,6.4,6.2,6.1
tt0352248,8.1,7.5,8.2,7.9,7.8
tt0353969,8.1,8.2,8.3,8.1,7.7
tt0354899,7.4,7.5,7.5,7.3,6.7
tt0355295,6,6.7,6,5.9,5.9
tt0356150,6.8,6.6,6.7,6.6,6.3
tt0356470,6.3,5.6,6.1,5.6,5.5
tt0356618,5.9,6.5,5.8,5.7,6
tt0356634,5.2,5.5,5.2,4.8,4.9
tt0356721,6.9,7.2,6.7,6.7,6.1
tt0356910,6.6,6.7,6.7,6.4,6.4
tt0357277,5,3.3,4.7,4.6,5.2
tt0357413,7.3,7.4,7.3,7.2,6.6
tt0358082,6.5,6.5,6.3,6.3,6.4
tt0358273,8,7.8,7.9,7.8,7.7
tt0359013,6,4.9,6,5.8,6
tt0359950,7.5,7.2,7.5,7.3,7.1
tt0360486,7.2,6.9,7.1,6.9,6.8
tt0360717,7.3,7.3,7.3,7.1,7.1
tt0361748,8.2,8.6,8.5,8.3,7.8
tt0361862,7.8,7.8,7.7,7.7,7.5
tt0362120,5.3,4.7,5.2,4.9,5
tt0362227,7.5,7.6,7.6,7.3,7
tt0362270,7.4,7.4,7.5,7.3,6.8
tt0362478,5.5,5.2,5.4,5.6,5.6
tt0363163,8.2,8.3,8.2,8.2,8.3
tt0363547,7.4,6.8,7.2,7.3,7.3
tt0363589,7.1,6.9,7.3,7.2,7
tt0363771,7.1,7,7,6.7,7
tt0363988,6.7,6.8,6.8,6.5,6.3
tt0364045,6.3,5.3,6.5,6.2,6.2
tt0364517,7.8,7.2,7.7,7.7,7
tt0364569,8.3,8.7,8.5,8.4,7.9
tt0364725,6.8,6.6,6.8,6.7,6.6
tt0364970,5.7,5.2,5.8,5.5,5.5
tt0365686,6.7,7.6,6.8,6.4,5.9
tt0365737,7,6,6.8,6.9,6.9
tt0365748,8,8.1,7.9,7.9,7.8
tt0365830,7.1,7.5,7,6.7,6.3
tt0365907,6.6,6.9,6.6,6.4,6.6
tt0366548,6.5,6.4,6.4,6.4,6.5
tt0366551,7.3,7.3,7.2,7,6.8
tt0366627,7.3,6.9,7.3,7.1,6.9
tt0367089,7.4,7.1,7.4,7.3,7.1
tt0367110,8.5,7.5,8.5,8,6.4
tt0367594,6.8,6.9,6.7,6.6,6.5
tt0367882,6.2,6,6.2,6.1,6.3
tt0367959,6.3,5.7,6.3,6.1,6.1
tt0368008,6.7,6.5,6.8,6.6,6.6
tt0368226,4.4,4,3.8,3.4,3.1
tt0368447,6.6,6.3,6.5,6.5,6.6
tt0368709,6.6,5.8,6.5,6.3,6.3
tt0368891,7,6.8,6.9,6.8,6.8
tt0368909,7.3,7,7.2,7.2,7
tt0368933,6.2,6.6,6,5.5,5.7
tt0369339,7.6,7.6,7.6,7.5,7.4
tt0369436,5.8,5.6,5.7,5.6,5.6
tt0369441,6.3,6.4,6.3,6.1,5.9
tt0369610,7.1,7,7.1,6.9,6.9
tt0369702,8.1,6.8,8,8,8
tt0370032,4.6,4.6,4.5,4.3,4.8
tt0370263,5.7,5.2,5.7,5.5,5.9
tt0370986,7.8,7.5,7.8,7.6,7.5
tt0371246,6.6,5.6,6.2,6.4,6.5
tt0371257,7.1,6.9,7.1,6.8,6.5
tt0371606,5.9,5.7,5.7,5.8,5.9
tt0371724,6.9,7.1,6.9,6.8,6.4
tt0371746,8,8,7.9,7.8,7.8
tt0372183,7.8,7.5,7.8,7.7,7.7
tt0372588,7.3,7.7,7.2,7.2,7
tt0372784,8.2,8.2,8.3,8.2,8
tt0373051,6,6.1,5.9,5.7,5.8
tt0373074,7.9,7.8,7.8,7.7,7.8
tt0373469,7.7,7.4,7.6,7.6,7.3
tt0373883,6.2,5.8,6,6.1,6
tt0373889,7.6,7.8,7.6,7.4,7.4
tt0373926,6.5,6.2,6.5,6.4,6.4
tt0374536,5,6.2,4.9,4.7,4.7
tt0374546,8,7.6,8.1,8,8
tt0374887,8.2,7.7,8.3,8,5.8
tt0374900,7,7.2,6.9,6.8,7
tt0375063,7.5,7.7,7.5,7.4,7.5
tt0375679,7.8,6.9,7.7,7.8,7.7
tt0375912,7.4,7.5,7.4,7.3,7.2
tt0376136,6.3,5.8,6.3,6.2,6
tt0376541,7.3,7.1,7.3,7.3,7
tt0376994,6.8,6.2,6.7,6.7,6.8
tt0377092,7.3,7.3,7.2,6.8,6.7
tt0377109,5.5,5.7,5.6,5.3,5.4
tt0377471,5.8,5.8,5.7,5.6,5.6
tt0377818,5.3,6.1,5.4,5.1,4.7
tt0378109,6,5.7,6,5.8,5.9
tt0378194,7.9,8.2,8.1,7.9,7.8
tt0379725,7.4,7.3,7.5,7.3,7.4
tt0379786,8.1,7.1,7.9,7.8,7.9
tt0380510,6.8,6.7,6.8,6.6,6.7
tt0381061,8,8.2,8,7.9,7.9
tt0381681,8,8.5,8.2,8,7.6
tt0381707,6,5.8,6,5.3,4.9
tt0381849,7.8,7.3,7.8,7.7,7.5
tt0382077,6.1,6,6.3,5.9,5.8
tt0382625,6.7,6.8,6.8,6.5,6.5
tt0382932,8,8.3,8.1,8,7.8
tt0383028,7.6,8.5,8,7.4,6.8
tt0383216,5.8,5.9,6,5.6,5.2
tt0383574,7.5,7.8,7.6,7.2,7
tt0384537,6.8,6.8,6.5,6.6,6.3
tt0384680,6.7,7.5,6.6,6.6,6.3
tt0384793,6.6,6.9,6.6,6.4,6.1
tt0384806,6.2,5.9,6.1,6,5.7
tt0385002,7.7,6.8,7.7,7.4,7
tt0385004,7.6,6.7,7.6,7.5,7.6
tt0385307,5.3,5.5,5.4,4.9,5.2
tt0385752,6.2,6.1,6,6.1,6.3
tt0385880,6.7,6.7,6.6,6.6,6.7
tt0386117,6.8,7.3,6.9,6.8,6.3
tt0386140,6.1,5.6,6.1,5.9,6
tt0386588,6.8,6.3,6.7,6.6,6.6
tt0387131,7.5,6.7,7.4,7.4,7.3
tt0387564,7.7,7.6,7.6,7.7,7.3
tt0387808,6.7,6.7,6.5,6.6,6.6
tt0387877,5.5,6.7,5.7,5.6,5.5
tt0387898,7.3,6.7,7.6,7.2,7
tt0388482,6.4,6.3,6.5,6.2,6.3
tt0388795,7.7,8.2,7.9,7.5,7.6
tt0389557,7.8,8,7.7,7.8,7.7
tt0389722,6.7,6.5,6.5,6.5,6.7
tt0389790,6.2,6,6.1,6.1,6.1
tt0389860,6.6,6.2,6.5,6.4,6.1
tt0390384,7,6.8,7,6.9,6.5
tt0391198,6,5.2,5.9,5.8,6
tt0391304,6.8,7.5,6.8,6.6,6.4
tt0393109,7.4,7.2,7.4,7.3,6.8
tt0393162,7.5,7.6,7.5,7.1,7
tt0395169,8.1,7.9,8.1,8.1,7.9
tt0395584,7,7.1,6.8,6.8,6.7
tt0395699,5.8,5.5,5.7,5.4,5.5
tt0396171,7.6,7,7.6,7.5,7.3
tt0396269,7.1,6.6,6.9,7,6.8
tt0396555,7,6.8,6.9,6.8,6.7
tt0396752,6.8,6.2,6.4,6.5,6.8
tt0397065,5.6,5.7,5.5,5.2,5.3
tt0397101,6.7,5.5,6.6,6.5,6.5
tt0397535,7.5,7.5,7.7,7.3,7.1
tt0397892,6.9,6.7,6.7,6.9,7
tt0398017,6.7,8.5,6.7,6.6,6.5
tt0398165,6.5,6,6.6,6.3,5.9
tt0398286,7.9,7.6,7.9,7.7,7.6
tt0398712,6.3,5.1,6.4,6.3,6.3
tt0398808,7.3,7.2,7.2,7.1,7
tt0399146,7.4,7.3,7.4,7.4,7.5
tt0399201,7,6.8,6.9,6.8,6.8
tt0399295,7.7,7.4,7.7,7.6,7.2
tt0400717,6.2,6.2,6.1,6.2,6.2
tt0401383,8,8.6,8.1,8,7.8
tt0401445,7.2,6.9,7.1,6.9,6.8
tt0401711,7.4,6.5,7.3,7.3,7.1
tt0401729,6.8,6.5,6.6,6.5,6.7
tt0401792,8,8.1,8,8.1,7.7
tt0401855,6.9,6.6,6.8,6.7,6.8
tt0402022,5.6,4.2,5.4,5.4,5.7
tt0402399,6.7,6.4,6.9,6.6,6.6
tt0403702,6.5,6.2,6.5,6.4,6.3
tt0404032,6.8,6.4,6.7,6.7,6.7
tt0404203,7.6,6.5,7.5,7.5,7.5
tt0404390,7.5,6.5,7.4,7.4,7.1
tt0405094,8.4,8.1,8.4,8.4,8.4
tt0405159,8,8.2,8.2,8,8
tt0405296,7.2,6.8,7.3,7.1,6.7
tt0405325,6.4,5.8,6,6.1,6.4
tt0405422,7.2,7.4,7,7.1,7
tt0405508,8.3,7.8,8.5,8,6.2
tt0406375,6.3,6.4,6.2,6.1,6.3
tt0406816,7.1,7,7.2,6.8,6.6
tt0407304,6.5,6.7,6.6,6.4,6.5
tt0407887,8.5,8.6,8.7,8.5,8.1
tt0408236,7.5,7.5,7.6,7.3,6.9
tt0408306,7.6,7.5,7.6,7.5,7.4
tt0408790,6.4,6.7,6.5,6.2,6.3
tt0408839,5.9,7.2,5.7,5.8,5.9
tt0409182,5.8,5.9,5.8,5.6,5.6
tt0409459,7.6,7.9,7.7,7.6,7.4
tt0409847,6.1,6.2,6,5.9,6.2
tt0410297,7,7.2,6.9,6.7,6.7
tt0411061,6,5.1,6.1,5.9,5.8
tt0411477,7.1,7.2,7,7,7
tt0412019,7.2,7.1,7.3,7.2,7
tt0413099,5.5,5.2,5.4,5.4,5.6
tt0413267,6.1,5.9,6,6.1,6.2
tt0413300,6.3,6.4,6.3,6,6.2
tt0414055,7,6.4,6.9,6.8,6.9
tt0414387,8,7.7,8,7.7,7.6
tt0414852,7.3,6.9,7.3,7.1,6.9
tt0414982,6,5.9,5.9,5.7,5.9
tt0414993,7.4,6.8,7.4,7.3,6.6
tt0415306,6.7,6.8,6.6,6.5,6.3
tt0416236,6.7,6.6,6.5,6.5,6.7
tt0416315,6.3,5.6,6.1,6.2,6.4
tt0416320,7.7,7.3,7.6,7.6,7.5
tt0416449,7.7,7.4,7.6,7.7,7.5
tt0417148,6,6,5.5,5.4,5.4
tt0417741,7.7,7.9,7.7,7.4,7.4
tt0418279,7.2,6.9,7.1,7.1,6.8
tt0418689,7.1,7.1,7.2,7,7.1
tt0418763,7.1,7.2,7.2,7,6.7
tt0418819,6.3,6.1,6.1,6.2,6.3
tt0419706,5.4,4.7,5.3,5.2,5.3
tt0419887,7.7,7.2,7.5,7.6,7.6
tt0420223,7.7,7.4,7.5,7.6,7.4
tt0420294,6,5.2,5.9,5.8,5.8
tt0421054,6.1,8,6.2,5.9,5.8
tt0421073,6.9,6,6.8,6.8,6.7
tt0421082,7.8,7.8,7.9,7.7,7.6
tt0421239,6.6,6.7,6.7,6.4,6.4
tt0421715,7.8,8,8,7.7,7.5
tt0422720,6.5,5.9,6.7,6.4,6.2
tt0423294,6.9,6.5,6.6,6.7,6.6
tt0423977,7.2,7.8,7.1,6.9,6.7
tt0424095,6.7,6.4,6.5,6.6,6.7
tt0424136,7.1,6.8,7.1,7.1,7
tt0424345,7.5,7.1,7.4,7.3,7
tt0425061,6.6,6.3,6.6,6.4,6.3
tt0425112,7.9,8.3,8,7.8,7.5
tt0425123,7,6.8,6.8,6.6,6.8
tt0425210,7.9,7.9,7.9,7.7,7.4
tt0425413,6.8,6.1,6.6,6.6,6.5
tt0426592,4.9,4.2,4.8,4.3,4.6
tt0426883,7,4.3,7.1,6.9,6.7
tt0426931,7.7,7,7.6,7.5,7.4
tt0427152,6,6.2,6.1,5.8,5.7
tt0427229,5.8,6.1,5.7,5.5,5.7
tt0427327,7,7,6.6,6.6,6.7
tt0427392,6,6.2,6,5.9,5.8
tt0427944,7.7,7.3,7.6,7.6,7.4
tt0429493,6.9,6.5,6.9,6.7,6.4
tt0430105,7,7.2,7,6.8,6.6
tt0430357,6.1,6.7,6.1,6,5.9
tt0430922,7,6.7,6.9,6.8,6.6
tt0431197,7.1,5.9,7.1,7,7
tt0431308,7.3,7,7.2,7,6.7
tt0432021,6.4,5.6,6.4,6.2,6.4
tt0432283,7.9,8.4,8,7.8,7.4
tt0432348,6.7,6.6,6.7,6.5,6.3
tt0433035,7.3,7,7.3,7,6.8
tt0433362,6.5,6.1,6.5,6.4,6.4
tt0433383,7.6,7.5,7.5,7.4,7.5
tt0433387,7,6.3,7,6.9,6.7
tt0433400,6.4,6.1,6.2,6.2,6.1
tt0434409,8.2,8.2,8.4,8.1,7.7
tt0435625,7.2,7.2,7.1,7.2,7.2
tt0435651,6.7,6.3,6.7,6.3,6.3
tt0435705,6.3,6.2,6.3,6.2,6.3
tt0435761,8.2,8.2,8.4,8.3,8.1
tt0436697,7.4,7.4,7.2,7.2,7.4
tt0437086,7.6,7.5,7.2,7.3,7.4
tt0438097,6.9,6.8,6.8,6.9,6.8
tt0438488,6.6,5.5,6.4,6.6,6.6
tt0439815,6.6,5.7,6.3,6.5,6.5
tt0440963,8.1,7.9,8.1,8,7.9
tt0441773,7.7,7.7,7.6,7.6,7.4
tt0441909,7.7,6.8,7.6,7.5,7.6
tt0442933,6.3,5.7,6.1,6.2,6.3
tt0443272,7.4,7.1,7.5,7.2,7.4
tt0443274,6.7,6.7,6.7,6.6,6.6
tt0443453,7.4,7.8,7.4,7.2,6.9
tt0443489,6.7,6.7,6.6,6.4,6.5
tt0443543,7.7,7.2,7.7,7.5,7.5
tt0443649,5.2,5.8,5.3,5,5.1
tt0443680,7.6,8.3,7.7,7.5,7.2
tt0443701,6.1,6.2,6,5.9,6
tt0443706,7.7,8.2,7.8,7.6,7.5
tt0445922,7.6,6.8,7.5,7.3,7.3
tt0445934,6.5,6.8,6.3,6.3,6.1
tt0445990,7.2,6.4,7.1,7,7.1
tt0446029,7.6,8.1,7.6,7.5,7.1
tt0446059,7.8,6.6,7.7,7.6,7.4
tt0446755,7.7,7.8,7.7,7.4,7.4
tt0448011,6.3,6.5,6.2,6.1,6.3
tt0448115,7.2,7.5,7.2,6.9,7
tt0448134,7.3,7,7.4,7.2,6.9
tt0448157,6.5,6.4,6.5,6.4,6.4
tt0448694,6.8,6.6,6.8,6.6,6.6
tt0449010,5.2,4.3,5,5.1,5.4
tt0449059,7.9,8,7.8,7.8,7.7
tt0449088,7.3,7.6,7.4,7,6.7
tt0449467,7.5,7.4,7.6,7.4,7.4
tt0450188,7.7,7,7.7,7.6,7.5
tt0450232,6.7,5.7,6.7,6.6,6.6
tt0450259,8.1,7.8,8.2,8,7.7
tt0450278,5.9,5.8,5.9,5.9,5.9
tt0450345,3.8,2.5,3.6,3.7,3.9
tt0450385,6.9,7,6.9,6.7,6.6
tt0451079,7,6.5,6.7,6.9,6.7
tt0451094,7.7,7.1,7.7,7.6,7.4
tt0451279,7.5,7.4,7.5,7.3,7.4
tt0452594,5.9,6.3,5.8,5.8,5.7
tt0452608,6.5,6.6,6.6,6.3,6.2
tt0452623,7.7,7.6,7.7,7.6,7.5
tt0452625,5.7,5.5,5.6,5.6,5.4
tt0452637,5.8,4.6,5.2,5.6,5.7
tt0452694,7.2,6.8,7.2,7.1,6.9
tt0452702,6.3,6,6.3,6.2,6.2
tt0453451,6.6,6.5,6.6,6.2,6
tt0453467,7.2,6.8,7.2,7,7
tt0453556,6.5,5.9,6.1,6.3,6
tt0453562,7.7,8,7.7,7.4,7.5
tt0454841,6.4,6.3,6.4,6.4,6.3
tt0454848,7.7,7.5,7.7,7.6,7.5
tt0454876,7.9,7.8,8,7.9,7.8
tt0454921,8.1,8.4,8.2,7.9,7.4
tt0454945,6.8,6.4,6.5,6.2,6
tt0455407,6.6,6.6,6.5,6.5,6.6
tt0455538,6.5,7.8,6.3,6.4,6.4
tt0455590,7.8,7.4,7.7,7.7,7.6
tt0455760,6.4,5.6,6.4,6.1,6
tt0455824,6.7,6.5,6.7,6.6,6.5
tt0455944,7.4,7.4,7.2,7.1,7.3
tt0455967,6.1,5.8,6,5.6,5.5
tt0456554,7.3,6.7,6.9,7,6.6
tt0457400,5.5,4.3,5.5,5.3,5.1
tt0457430,8.1,8.7,8.2,8.2,8.1
tt0457510,6.1,6.5,5.8,5.7,5.6
tt0457513,6.8,6.6,6.7,6.6,6.6
tt0457939,7.1,7.2,7,6.8,6.9
tt0458339,7,7.1,6.9,6.8,7
tt0458352,7.1,7,7,6.8,6.8
tt0458481,6.6,6.4,6.6,6.4,6.5
tt0458525,6.7,5.9,6.6,6.6,6.8
tt0460740,7.3,7.5,7.2,7.2,7.1
tt0460791,8,7.4,8,7.8,7.6
tt0461770,7.3,6.8,6.9,7.1,7.2
tt0462200,7.1,6.5,7,6.9,6.9
tt0462322,7.6,7.5,7.6,7.6,7.1
tt0462465,6.4,6.8,6.3,6.2,6.4
tt0462499,7.2,6.9,7,7,6.8
tt0462504,7.4,7.7,7.4,7.3,7.1
tt0462538,7.4,7.5,7.4,7.3,7.1
tt0462590,6.8,6.9,6.7,6.3,6
tt0463034,5.7,5.5,5.7,5.6,5.5
tt0463854,7,6.2,7,7,6.9
tt0463985,6.3,6.2,6.3,5.8,5.6
tt0463998,7.7,7.6,7.7,7.4,7.4
tt0464141,7.6,7.3,7.4,7.5,7.4
tt0464154,5.5,4.7,5.2,5.5,5.5
tt0465234,6.6,6.4,6.6,6.5,6.5
tt0465494,6.5,5.6,6.4,6.2,6.3
tt0465538,7.3,6.5,7.1,7.2,7.3
tt0465551,7.5,6.7,7.5,7.4,7.4
tt0465580,6.3,6.3,6.3,6.1,6.1
tt0465602,6.8,6.4,6.7,6.7,6.5
tt0465624,5.2,5.6,4.9,5,5.5
tt0467197,5.5,5.2,5.5,5.3,5.4
tt0467200,6.9,6.7,6.8,6.7,6.7
tt0467406,7.5,7.4,7.4,7.5,7.5
tt0468489,7.3,7.5,7.2,7.2,7
tt0468492,7.1,7.5,7.2,7,6.9
tt0468569,8.9,9.2,9.2,9,8.4
tt0469494,8.1,8.7,8.4,8.1,7.7
tt0469641,6,6.1,6.1,5.8,6
tt0470752,7.7,7.7,7.9,7.7,7.5
tt0471042,6.3,6.6,6.3,6.1,6.2
tt0472033,7.2,7.1,7.1,7,7.1
tt0472043,7.9,7.3,7.8,7.8,7.8
tt0472062,7.1,6.5,7,7,7.1
tt0472181,5.7,5.1,5.6,5.4,5.3
tt0472399,6.7,7,6.8,6.5,6.5
tt0473075,6.8,6.3,6.7,6.6,6.4
tt0473705,7.2,7.2,7.2,7.1,7.1
tt0475276,7.5,7.5,7.6,7.5,7.6
tt0475290,6.2,6.6,6.5,6.2,6.2
tt0475394,6.8,6.4,6.8,6.7,6.5
tt0476735,8.4,7.9,8.5,8.3,7.3
tt0477051,4.5,3.9,4.2,3.9,4
tt0477071,6.1,5.3,6.2,5.9,5.9
tt0477080,6.9,6.7,6.9,6.7,6.8
tt0477302,7.1,6.6,7.1,6.9,6.9
tt0477347,6.5,6.7,6.5,6.3,6.5
tt0477348,8,8.5,8.3,8.1,8
tt0478087,6.9,6.7,7,6.7,6.6
tt0478134,7.2,6.4,7.2,7.1,7.2
tt0478304,6.7,8.1,7.3,6.6,6.2
tt0478311,7.1,7.3,6.9,7,6.7
tt0478970,7.4,7.3,7.3,7.2,7.3
tt0479143,7.4,7.4,7.2,7.1,7
tt0479884,7,6.7,7,7,6.6
tt0479952,6.8,6.7,6.7,6.7,6.6
tt0479997,5.5,5.5,5.4,5.3,5.6
tt0480025,7.8,8.2,7.8,7.6,7.5
tt0480242,6.9,7.9,6.7,6.7,6.8
tt0480249,7.3,7.3,7.4,7.1,6.9
tt0480255,6.5,5.4,6.5,6.3,6.2
tt0480687,6,5.2,5.9,5.9,5.8
tt0481141,6.5,6,6.5,6.2,6.3
tt0481369,6.5,6.7,6.7,6.3,6
tt0481499,7.4,6.8,7.3,7.2,7.1
tt0481536,6.8,6,6.8,6.5,6.2
tt0482571,8.5,8.8,8.7,8.4,7.9
tt0482606,6.3,5.2,6.2,6.1,6
tt0483607,6,5.9,6.1,5.9,5.9
tt0485947,7.9,7.9,8.1,7.7,7.3
tt0486551,6.5,6.7,6.3,6.3,5.8
tt0486576,5.7,5.3,5.6,5.5,5.8
tt0486655,7.8,6.9,7.5,7.7,7.6
tt0486822,7,7.3,7,6.8,6.6
tt0486946,6,5.6,5.8,5.8,5.9
tt0488120,7.4,7.1,7.4,7.2,7.1
tt0489099,6.2,6.3,6.3,6,6
tt0489270,6.4,6.4,6.4,6.1,6
tt0490204,7.6,7.3,7.5,7.4,7.3
tt0490215,7.1,7.8,7.5,6.9,6.8
tt0493464,6.8,6.8,6.9,6.6,6.6
tt0494238,6.3,6.4,6.2,6.1,6.2
tt0496806,7,6.9,7.1,6.8,6.6
tt0497465,7.2,6.3,7.1,7.1,7
tt0498353,5.6,5.3,5.5,5.4,5.5
tt0498380,7.9,8,8,7.8,7.8
tt0498399,6.9,6.3,6.9,6.9,6.8
tt0499448,6.7,6.5,6.5,6.5,6.6
tt0499549,7.8,7.5,7.7,7.8,7.9
tt0499556,6.4,6.2,6.4,6.2,6.1
tt0756683,8,8,8.1,7.9,7.5
tt0758730,4.9,4,4.4,4.7,4.9
tt0758746,5.7,5.3,5.5,5.5,5.5
tt0758752,6.8,6.5,6.8,6.6,6.5
tt0758758,8.1,8.2,8.3,8.1,7.7
tt0758766,6.7,6.5,6.5,6.5,6.6
tt0758774,7.2,6.5,7.1,7.1,7
tt0762107,6.1,5.6,6,6,5.7
tt0765010,7.2,7.3,7.3,7,7
tt0765429,7.9,7.7,8,7.8,7.6
tt0765443,7.7,7.3,7.7,7.6,7.6
tt0770703,6.3,7,6.4,5.9,5.8
tt0770752,5.8,5,5.8,5.6,5.7
tt0770828,7.3,6.5,7.1,7,7
tt0780504,7.8,8.1,7.9,7.8,7.5
tt0780521,7.3,7.3,7.2,7.1,6.9
tt0780536,8,8.2,8.1,7.9,7.7
tt0780571,7.4,7.1,7.3,7.3,7.2
tt0780653,5.9,6.2,5.8,5.8,6
tt0783233,7.8,8.2,7.9,7.7,7.5
tt0787475,7,6.5,6.9,6.6,6.1
tt0790628,6,5.8,6,5.9,5.8
tt0790636,8,8,8.1,7.9,7.9
tt0790686,6.3,5.5,6.3,6.1,6
tt0790724,7.1,6.9,7,6.9,7.1
tt0790736,5.7,5.6,5.6,5.5,5.7
tt0795351,6.3,5.7,6.3,6.1,6.2
tt0795368,7.5,7.3,7.4,7.4,7.2
tt0795421,6.7,6.7,6.4,6.2,6.5
tt0795461,4,3.5,3.7,3.4,3.6
tt0796366,8,7.5,7.9,7.9,8
tt0799934,6.5,7,6.4,6.4,6.1
tt0799949,2.7,1.7,2.6,2.2,2.5
tt0800039,7.3,7.4,7.1,7.2,6.8
tt0800080,6.8,6,6.7,6.7,6.7
tt0800320,5.9,5.3,5.9,5.8,5.9
tt0800369,7.1,6.8,7,6.9,7
tt0803096,7.2,6.2,6.9,6.7,6.6
tt0804461,6.9,7.5,6.9,6.8,6.5
tt0804497,7.3,7.2,7.3,7,6.9
tt0805564,7.4,7.3,7.4,7.3,7.3
tt0808151,6.8,6.9,7,6.6,6.5
tt0808279,6.5,7.2,6.8,6.5,6.2
tt0808417,8.1,8.1,8.2,8,7.8
tt0810819,7.2,7.2,7.2,7,7
tt0810913,3.7,2.3,3.3,3.3,3.4
tt0811080,6.3,5.9,5.9,6.1,5.7
tt0814255,6.1,5.7,6,5.8,6
tt0814314,7.8,7.4,7.8,7.6,7.3
tt0815236,6.6,6.5,6.4,6.4,6.4
tt0815245,6.6,5.1,6.6,6.3,6.2
tt0816442,7.8,7.6,7.7,7.4,7.6
tt0816462,5.3,5.2,5.3,5.1,5.2
tt0816692,8.6,8.8,8.9,8.5,8
tt0816711,7.1,7.1,7.1,6.9,6.9
tt0817177,7.9,7.5,7.9,7.6,7.4
tt0817230,5.9,6.7,5.8,5.7,5.7
tt0821640,5.9,5.3,5.9,5.7,5.7
tt0822832,7.2,7.1,7.3,7,6.7
tt0822847,5.9,6.4,5.9,5.6,5.9
tt0822854,7.3,7.3,7.3,7.1,7.1
tt0824747,7.8,7.8,7.9,7.7,7.6
tt0825232,7.6,7.3,7.5,7.4,7.3
tt0829150,6.3,6.2,6.3,6.2,6.4
tt0829482,7.7,7.9,7.6,7.6,7.2
tt0830515,6.7,6.3,6.5,6.6,6.7
tt0831387,6.5,6.6,6.6,6.3,6.2
tt0832266,7.3,7,7.2,7.1,7
tt0834001,6.8,7.1,6.8,6.5,6.6
tt0837562,7.3,7,7.2,7,6.9
tt0837563,5.7,5.8,5.7,5.7,5.7
tt0838221,7.3,7.2,7.4,7.2,6.8
tt0838283,7.1,7.1,7,6.8,6.4
tt0839980,5.9,6,5.9,5.8,5.6
tt0840361,7.6,7.3,7.6,7.5,7.4
tt0841046,6.9,6.8,7,6.7,6.5
tt0842926,7,7.6,7.1,7,7
tt0844471,7,7,7,6.9,6.8
tt0844708,6.7,6,6.6,6.5,6.5
tt0848228,8.1,8.1,8.1,8,8
tt0848537,6.9,6.1,6.8,6.6,6.6
tt0851578,7.8,7.5,7.9,7.7,7.4
tt0852713,5.8,5.3,5.6,5.4,5.6
tt0859163,5.3,5.2,5.3,5.1,5.5
tt0861689,6.6,6.5,6.7,6.6,6.3
tt0861739,8.2,7.9,8.1,8.1,7.8
tt0862846,6.9,6.8,6.8,6.8,6.9
tt0862856,6.9,6.9,6.8,6.7,6.8
tt0864761,7,7.3,7,6.8,6.9
tt0864835,7,6.5,6.9,6.7,6.7
tt0865556,6.8,6.4,6.6,6.5,6.6
tt0866439,6.1,5.2,6.1,5.8,5.7
tt0870111,7.7,8.2,7.8,7.7,7.6
tt0870984,6.6,6.7,6.7,6.5,6.2
tt0871510,8.4,7.8,8.4,8,6.4
tt0873886,6.3,6.7,6.2,6.2,6.1
tt0876563,7.7,7.7,7.7,7.7,7.6
tt0878804,7.8,7.4,7.7,7.6,7.6
tt0879870,6,6.5,6.1,5.7,5.5
tt0882977,6.7,8.2,6.6,6.4,6.4
tt0884328,7.2,7.2,7.1,7.1,7
tt0884732,6.8,6.6,6.8,6.5,6.4
tt0887883,7,7,7.1,7,6.9
tt0887912,7.5,7.5,7.7,7.5,7.5
tt0889573,6.3,7.3,6.3,6,6
tt0889583,6,6.6,5.7,5.9,5.6
tt0890870,6.1,5.6,6,5.8,5.7
tt0892318,6.8,6.9,6.8,6.3,6.5
tt0892769,8.2,8.1,8.2,8.1,7.9
tt0892782,6.5,6,6.4,6.5,6.7
tt0892791,6.4,6.2,6.2,6.4,6.5
tt0898367,7.3,7.4,7.4,7.2,7.1
tt0901476,5.8,6,5.8,5.3,5.1
tt0903624,8,7.8,8,7.8,7.7
tt0905372,6.3,5,6.1,6.2,6.4
tt0907657,7.9,8.1,7.8,7.8,7.7
tt0910936,7.1,7,7.1,6.9,6.4
tt0910970,8.3,8.6,8.4,8.4,8.1
tt0914798,7.9,7.7,7.8,7.7,7.7
tt0914863,7.1,7.3,7.2,7.1,7
tt0918927,7.5,7.8,7.6,7.4,7.5
tt0918940,6.4,6.3,6.2,6.2,6.3
tt0926084,7.8,7.8,7.9,7.5,7.4
tt0929632,7.3,7,7.3,7.3,7.4
tt0936501,7.9,7.7,7.8,7.8,7.6
tt0938283,4.2,2.6,3.6,4.3,4.8
tt0942385,7.1,7.4,7.1,7,6.7
tt0944835,6.5,6.3,6.5,6.3,6.6
tt0945513,7.6,7.6,7.7,7.4,7.4
tt0947798,7.9,8.2,8.1,8,7.5
tt0947810,6.9,6.5,6.8,6.8,6.8
tt0948470,7.1,6.7,7,6.9,6.9
tt0949731,5,3.8,4.9,5,5.2
tt0952640,5.5,5.1,5.1,5.2,5.3
tt0955308,6.7,6.6,6.7,6.6,6.6
tt0959337,7.4,7.4,7.4,7.3,7.2
tt0960144,5.7,5.4,5.6,5.5,5.4
tt0960731,6.2,5.2,6,6.1,6.1
tt0963178,6.5,8.7,6.4,6.4,6.6
tt0963794,6,6.5,5.8,5.8,5.9
tt0963966,6.3,5.8,6.2,6.1,6.3
tt0964517,7.9,7.6,7.9,7.8,7.7
tt0970179,7.5,7.5,7.7,7.4,7.5
tt0970411,6.6,6.4,6.6,6.5,6.4
tt0970416,5.5,5,5.5,5.5,5.5
tt0970452,6.2,5.8,6.1,6,6.2
tt0970866,5.6,5.3,5.6,5.4,5.4
tt0971209,6.6,6,6.6,6.5,6.5
tt0974015,6.6,5.5,6.3,6.3,6.6
tt0974661,6.6,6.6,6.4,6.3,6.2
tt0975645,6.9,6.7,6.9,6.8,6.9
tt0976051,7.6,7.2,7.6,7.5,7.6
tt0978762,8.1,8.5,8.2,8.1,7.9
tt0978764,6.2,5.4,6.1,6,6.1
tt0980970,6.5,6.1,6.3,6.3,6.5
tt0981227,6.8,6.7,6.7,6.6,6.5
tt0983193,7.4,7.5,7.5,7.3,7.2
tt0985694,6.7,6.2,6.5,6.6,6.5
tt0985699,7.2,7.4,7.2,7.1,7
tt0986233,7.6,7.8,7.7,7.5,7.4
tt0986263,6.3,6,6.3,6.2,6.4
tt0986264,8.4,8.2,8.6,8.3,7.2
tt0988045,7.7,7.6,7.8,7.5,7.3
tt0988595,6.4,7.1,6.3,6,6
tt0989757,6.6,6.5,6.5,6.1,6.1
tt0990407,5.9,5.8,5.9,5.8,5.5
tt0993842,6.8,6.6,6.8,6.8,6.8
tt0993846,8.2,8.5,8.4,8.1,7.7
tt0995039,6.8,6.7,6.6,6.7,6.8
tt1000774,6,5.9,5.9,5.4,5.3
tt1001508,6.5,7.2,6.4,6.4,6.2
tt1001526,7.4,7.4,7.4,7.2,7.1
tt1007028,6.7,6.3,6.4,6.6,6.5
tt1007029,6.5,6.4,6.5,6.4,6.4
tt1010048,8,7.9,8,8,7.9
tt1013743,6.4,6.1,6.3,6.2,6.4
tt1013752,6.8,6.3,6.8,6.5,6.4
tt1013753,7.6,7.2,7.7,7.5,7.4
tt1014759,6.6,6.7,6.5,6.4,6.5
tt1014763,6.6,6.4,6.6,6.4,6.5
tt1017460,5.7,5.6,5.6,5.7,5.9
tt1019452,7,7.7,7.3,7,6.8
tt1020072,7.5,7.8,7.6,7.4,7.4
tt1020530,6.8,6.2,6.8,6.8,6.7
tt1020558,6.5,6.1,6.5,6.3,6.4
tt1022603,7.8,7.8,7.8,7.7,7.3
tt1023111,6.9,7.3,6.9,6.4,5.8
tt1023114,7.5,7.3,7.5,7.3,7.2
tt1023481,6.5,6.3,6.5,6.1,5.5
tt1024648,7.7,7.6,7.8,7.7,7.7
tt1025100,5.8,5.7,5.7,5.7,6
tt1027718,6.3,6.7,6.4,6.2,6.1
tt1028528,7.1,6.7,7.1,7.1,6.8
tt1028532,8.3,8.3,8.3,8,7.7
tt1029234,7.1,6.8,7.2,7,7
tt1032755,7.4,7.1,7.5,7.3,7
tt1033575,7.3,7.5,7.4,7.3,7.3
tt1033643,6.3,6.4,6.2,6,5.8
tt1034032,5.9,5.7,5.9,5.8,5.6
tt1034303,7.3,8,7.4,7.1,7.1
tt1034314,6.1,5.3,5.9,5.9,5.9
tt1034331,6.1,5,6.2,6,5.9
tt1034389,6.4,6,6.4,6.1,6.3
tt1037705,7,7.1,7,6.8,6.8
tt1038686,5.4,5.9,5.3,5.1,5.5
tt1038919,5.7,5.5,5.8,5.4,5.4
tt1038988,7.5,7.3,7.4,7.5,7.3
tt1041829,7,6.9,6.8,6.6,6.7
tt1045658,7.8,7.8,7.8,7.7,7.6
tt1045772,6.7,6.7,6.7,6.6,6.5
tt1045778,5.1,5.1,5,4.9,4.6
tt1046173,5.9,5.3,5.9,5.7,5.8
tt1049413,8.2,8.4,8.3,8.2,8.1
tt1051904,6.5,6.3,6.4,6.2,6.3
tt1051906,7.1,7.3,7.3,7,6.9
tt1053424,6.4,5.8,6.6,6.3,6.1
tt1054606,6.9,7,6.9,6.8,6.6
tt1055292,6.8,7.1,6.8,6.4,6.2
tt1055369,6.2,5.6,6.1,6,5.8
tt1057500,7.4,7.2,7.4,7.3,7.3
tt1058017,6.4,6.7,6.3,6.4,6.4
tt1059786,6.7,6.4,6.7,6.6,6.5
tt1060277,7,7.1,7,7,6.7
tt1063669,7.7,7.5,7.7,7.6,7.4
tt1065073,7.8,8,8,7.8,7.7
tt1067106,6.9,6.6,6.8,6.7,6.7
tt1067583,7.1,6.3,7.1,6.9,6.8
tt1068680,7,7,6.9,6.8,6.6
tt1071875,4.6,4.3,4.4,4.2,4.5
tt1073498,3.2,3.1,3.1,2.6,2.8
tt1074638,7.8,8.1,7.9,7.6,7.6
tt1077258,7.1,7,7,7.1,6.9
tt1077368,6.3,6.5,6.2,6.1,6.3
tt1078588,7.5,7.8,7.5,7.3,7.2
tt1078912,6.1,6.3,6,5.9,6
tt1078940,5.6,5.5,5.6,5.5,5.4
tt1080016,7.1,7.1,6.9,7,6.9
tt1082868,6,6.1,5.9,6,6
tt1083452,7.5,7.3,7.4,7.3,7.3
tt1086772,6.8,5.8,6.7,6.4,6.3
tt1091191,7.7,7.8,7.7,7.4,7.4
tt1091722,6.9,7.1,6.8,6.8,6.7
tt1092026,7.1,7,7,6.9,7
tt1093908,6.1,6.1,6.1,5.7,5.6
tt1095217,6.6,6.1,6.7,6.7,6.4
tt1098327,2.8,2.1,2.3,2.7,3.4
tt1099212,5.6,5.2,5.1,5.1,5.5
tt1100089,7,7.5,7.2,6.9,6.9
tt1103153,5.6,6,5.7,5.3,5.4
tt1104001,6.9,6.5,6.8,6.8,6.6
tt1109624,7.3,7.6,7.3,7.1,7.2
tt1111422,6.5,6,6.6,6.4,6.4
tt1114740,5.4,5,5.3,5.1,5.3
tt1117385,7.6,6.7,7.5,7.5,7.2
tt1119646,7.8,7.8,7.8,7.7,7.4
tt1120985,7.4,7.8,7.5,7.3,7.1
tt1121096,5.6,5.4,5.5,5.4,5.7
tt1121931,6.3,5.7,6.3,6.1,5.9
tt1124035,7.1,7.4,7.2,7.1,7.1
tt1125849,7.9,8,7.9,7.9,7.7
tt1126590,7.1,7.5,7.1,6.9,6.9
tt1126591,6.8,7.8,6.7,6.2,6.3
tt1126618,6.6,7,6.6,6.4,6.4
tt1127180,6.6,6.6,6.4,6.6,6.6
tt1129442,6.3,6,6.3,6,6.1
tt1130080,6.4,6.2,6.5,6.5,6.4
tt1130884,8.2,8.5,8.4,8,7.5
tt1131729,7.5,7.3,7.6,7.4,7.1
tt1131734,5.4,5.9,5.2,5.1,5.3
tt1132620,7.9,7.5,7.9,7.8,7.9
tt1132626,6,6,6,5.7,5.6
tt1133985,5.6,4.3,5.4,5.5,5.8
tt1135503,7.1,7.1,7,6.9,7.1
tt1135985,6.7,5.3,6.4,6.5,6.3
tt1136608,7.9,7.6,7.9,7.9,7.7
tt1137450,6.5,5.8,6.4,6.3,6.4
tt1139328,7.2,7.4,7.3,7.2,7.1
tt1139797,7.9,7.8,7.8,7.9,7.9
tt1142977,7,6.7,7.1,6.9,6.9
tt1142988,6.6,6,6.6,6.4,6.2
tt1144884,5.3,4.9,5.3,5.1,5.4
tt1148204,7.1,7,7,6.9,6.9
tt1149362,7.8,7.7,8,7.7,7.7
tt1152398,6,6.7,5.8,5.3,5.3
tt1152836,7.1,7.1,7.2,6.9,6.8
tt1155056,7.2,7.4,7.1,7,6.7
tt1155076,6.3,6.4,6.4,6.1,5.9
tt1156398,7.7,7.7,7.6,7.6,7.4
tt1161864,6.2,6,6.1,6,5.9
tt1164999,7.6,7.3,7.6,7.4,7.4
tt1170358,7.9,7.8,8,7.7,7.7
tt1172049,7.1,6.9,7.2,6.9,6.7
tt1172233,7,6.3,7,6.8,6.8
tt1172570,7.2,7.5,7.3,7,6.8
tt1174732,7.3,6.6,7.4,7.2,7.3
tt1178663,7.2,6.5,7.2,7.2,7
tt1179034,6.6,5.7,6.6,6.4,6.3
tt1179056,5.4,4.5,5.5,5.1,5
tt1179904,6.3,5.6,6.2,6.4,6.1
tt1179933,7.2,7.5,7.4,7.2,7.1
tt1182345,7.9,7.8,7.9,7.9,7.7
tt1186367,6.6,6.8,6.4,6.3,6.3
tt1186830,7.3,7.1,7.4,7.2,7
tt1187043,8.5,8.3,8.7,8.2,7.2
tt1187064,7,7.8,7,6.9,6.8
tt1188729,6.9,6.8,6.7,6.8,6.6
tt1188996,8.2,8.2,8.3,7.6,7.4
tt1189073,7.6,7.4,7.8,7.6,7.3
tt1189340,7.4,7.5,7.5,7.3,7.2
tt1190080,5.9,5.9,5.8,5.7,5.8
tt1191111,7.4,8.2,7.6,7.2,6.7
tt1192628,7.3,7.5,7.3,7.2,7.1
tt1193138,7.4,7.3,7.5,7.4,7.3
tt1194173,6.8,6.1,6.6,6.6,6.8
tt1195478,6.2,6.4,6.3,6.2,6
tt1197624,7.6,7.4,7.6,7.3,7.1
tt1197628,5.9,6.1,5.9,5.8,5.4
tt1201167,6.4,7,6.3,6.3,6.1
tt1201607,8.2,8.5,8.3,7.9,7.8
tt1204342,7.2,7.1,7.2,7.1,6.9
tt1204975,6.8,6.9,6.8,6.5,6.5
tt1205489,8.1,8.2,8.2,8.1,8
tt1205537,6.3,5.8,6.2,6.1,6.4
tt1206543,6.8,6.7,6.8,6.7,6.7
tt1206885,6.4,6.1,6.1,6.1,6.1
tt1210042,6.7,7.4,6.7,6.7,6.7
tt1210166,7.6,7.8,7.7,7.5,7.5
tt1210819,6.6,6.3,6.6,6.4,6.3
tt1211837,7.6,7.8,7.6,7.4,7.4
tt1211956,6.9,7,6.9,6.6,6.5
tt1212419,6.5,4.5,6.4,6.4,6.6
tt1212428,6.6,7,6.8,6.5,6.4
tt1212450,7.4,6.8,7.4,7.2,7.1
tt1213641,7.3,7.6,7.5,7.2,7.1
tt1213644,2.5,1.3,2,1.8,2
tt1213663,7,7.7,7.2,6.8,6.7
tt1216475,6.3,6,6.1,6.2,6.3
tt1216487,7.3,6.8,7.2,7.1,7.3
tt1216492,6.8,7,6.7,6.3,6.4
tt1217209,7.3,6.8,7.2,7.1,7.2
tt1217613,5.9,5.4,5.8,5.7,5.8
tt1219289,7.5,7.3,7.6,7.3,7.2
tt1219342,7.1,6.3,7.1,6.9,6.7
tt1219827,6.4,5.9,6.3,6.4,6.4
tt1220198,6.1,3.7,6,5.9,5.7
tt1220634,6.1,5.2,6,5.8,6
tt1220719,8.1,8.1,8.1,8,7.7
tt1226229,6.5,5.9,6.4,6.4,6.1
tt1226273,6.7,6.8,6.6,6.6,6.7
tt1226753,6.9,6,7,6.8,6.9
tt1228705,7.1,6.7,7,6.9,7
tt1228987,7.2,7,7.1,7.1,7.2
tt1229238,7.5,7.8,7.6,7.3,7.3
tt1229340,6.3,6.8,6.5,6.2,5.8
tt1229822,7.5,7.5,7.5,7.3,7.3
tt1230414,6.7,6.2,6.5,6.5,6.6
tt1231583,6.7,6.6,6.7,6.5,6.2
tt1231587,6.5,6.2,6.5,6.4,6.3
tt1232200,5.8,5.4,5.7,5.5,5.1
tt1232829,7.3,7.7,7.5,7,6.6
tt1233227,6.2,6,6.2,5.9,5.8
tt1234548,6.3,6.3,6.3,6.2,6.1
tt1234719,5.7,4.7,5.8,5.2,5.1
tt1234721,6.2,5.8,6.2,6.1,6.1
tt1235166,7.9,7.1,7.9,7.9,7.8
tt1235522,6.2,5.9,6.3,6.1,6.1
tt1240982,5.8,5.1,5.7,5.5,5.2
tt1241317,4.3,3.4,4.1,4.8,5.3
tt1242422,7.7,7.2,7.8,7.6,7.5
tt1242432,6.4,4.9,6.2,6.3,6.3
tt1242460,7.5,7.5,7.7,7.4,7.3
tt1243957,6.2,6.5,6.3,5.9,5.9
tt1243974,5.5,6,5.5,5.3,5.6
tt1245112,6.6,6.1,6.6,6.5,6.4
tt1245492,6.7,6.8,6.8,6.6,6.2
tt1245526,7.2,6.9,7.1,7,7.1
tt1250777,7.6,7.4,7.6,7.6,7.6
tt1253863,6.3,6,6.3,6.1,6.2
tt1253864,6.2,5.7,6.1,6,6
tt1255953,8.2,8.2,8.4,8.2,8.1
tt1258197,6.9,7.1,7,6.8,6.6
tt1259521,6.9,7.2,7,7,6.9
tt1259528,7.1,6.8,7,6.9,6.9
tt1259571,5.1,4.9,4.7,4.6,4.9
tt1261945,4.8,5.9,5,4.2,4
tt1262416,6.4,6.3,6.4,6,5.9
tt1263670,7.3,7.4,7.3,7.2,7.2
tt1267297,6.2,7.1,6.1,5.9,6.1
tt1268799,6.4,6.9,6.4,6.2,6.1
tt1270797,7,6.9,6.7,6.6,6.7
tt1270798,7.8,7.7,7.8,7.7,7.6
tt1272878,6.8,6.8,6.8,6.6,6.6
tt1276104,7.4,7.6,7.6,7.4,7.2
tt1277953,7,6.7,6.9,6.8,6.7
tt1278340,6.4,6.4,6.3,6.3,6.3
tt1279935,6.4,6.9,6.4,6.3,6.2
tt1280558,8.3,7,8.5,8,6.2
tt1282140,7.2,7,7.2,7,7
tt1284575,5.8,5.5,5.7,5.6,5.6
tt1285016,7.7,8.3,7.9,7.7,7.4
tt1288558,6.6,6.9,6.6,6.4,6.2
tt1289401,5.3,4.5,5.3,5.2,5.2
tt1289406,7.3,7,7.2,7.2,7.2
tt1291150,6,5.3,6,5.7,5.7
tt1291584,8.2,8.2,8.4,8.1,7.7
tt1292566,6.2,6.5,6.3,5.9,5.8
tt1293847,5.4,5,5.3,5.1,5.3
tt1294226,6.4,6.6,6.2,5.5,5.5
tt1297919,6.3,5.8,6.4,6.1,6.1
tt1298649,5.8,5.6,5.9,5.6,5.4
tt1298650,6.8,6.7,6.8,6.5,6.5
tt1300851,6.5,6,6.7,6.2,6.1
tt1300854,7.3,7.2,7.3,7.1,7.1
tt1302006,7.9,8.3,8.1,7.7,7.6
tt1302011,7.4,7.5,7.3,7.2,7
tt1305806,8.2,7.5,8.2,8.2,8.1
tt1306980,7.7,7.5,7.8,7.6,7.4
tt1307068,6.8,6.4,6.8,6.6,6.6
tt1314655,6.3,6.3,6.2,6.2,6.4
tt1315981,7.7,7.5,7.8,7.5,7.4
tt1318514,7.6,7.6,7.6,7.5,7.4
tt1320253,6.6,6.4,6.5,6.4,6.3
tt1320261,5,4.9,5,4.9,4.9
tt1321511,5.8,3.2,5.5,5.7,6
tt1321870,6.9,6.8,6.9,6.7,6.6
tt1322269,7.3,7.5,7.4,7.2,7.2
tt1323045,6.2,5.5,6.2,6.1,6.1
tt1323594,7.8,7.3,7.7,7.6,7.6
tt1324999,5.5,4.9,4.9,4.7,5
tt1325004,5.4,5.1,5,4.8,5.2
tt1327194,6.8,6.9,6.7,6.3,6.3
tt1327773,7.3,7.5,7.3,7.1,7.1
tt1333125,4.6,3.4,4.1,4.4,4.6
tt1334260,7.2,7.4,7.3,7.1,7
tt1335975,6.4,5.3,6.3,6.2,6.4
tt1336608,6.2,5.5,6,5.8,5.8
tt1340138,6.5,5.6,6.3,6.4,6.5
tt1340800,7.1,7.1,7.2,7,7
tt1341167,7.4,7.3,7.4,7.3,7
tt1343092,7.4,7.4,7.5,7.1,6.8
tt1343097,7.4,6.9,7.4,7.3,7.4
tt1343727,7.2,7.3,7.2,7,7
tt1345836,8.5,8.4,8.6,8.3,7.9
tt1351685,6.4,5.9,6.3,6.2,6.4
tt1352824,6.4,5.7,6.3,6.3,6.3
tt1355630,7,7.1,6.9,6.5,6.6
tt1355631,7.1,6.4,7.1,7,7
tt1355644,7.1,6.9,7,6.9,7.1
tt1355683,7,7.1,7,6.8,6.9
tt1365050,7.8,7.8,7.8,7.7,7.6
tt1365519,6.5,6.4,6.4,6.2,6.3
tt1366344,5.8,5.9,5.8,5.6,5.4
tt1371111,7.5,7.3,7.7,7.4,7.1
tt1371150,6.8,7.1,6.7,6.5,6.7
tt1374992,6.5,6,6.7,6.3,6.2
tt1375666,8.7,9,9,8.7,8.1
tt1375670,6.2,5.8,6.2,5.8,5.7
tt1379182,7.2,7.2,7.4,7.2,6.8
tt1385826,7.1,6.9,7.2,7,7
tt1385867,5.8,5.5,5.9,5.6,5.3
tt1386588,6.8,6.3,6.8,6.6,6.3
tt1386697,6.2,5.4,6,5.9,6.1
tt1386703,6.3,6.2,6.5,6.2,6.2
tt1386932,7.7,7.5,7.7,7.5,7.3
tt1389072,5.6,5.6,5.6,5.7,5.9
tt1389137,7.2,6.9,7.2,7,7
tt1390411,7,7.1,7,6.8,6.9
tt1392170,7.4,7.3,7.4,7.1,7.1
tt1392190,8,8.3,8.3,8,7.6
tt1392214,8.1,8.6,8.3,8,7.8
tt1396218,6.2,5.8,6.1,5.9,5.9
tt1396484,7.4,7.6,7.4,7.3,7.1
tt1397280,6.4,6.4,6.4,6.2,6.2
tt1397514,6,5.7,5.9,5.7,5.7
tt1398426,8,8.1,8,7.7,7.5
tt1399103,6.5,6,6.4,6.2,6
tt1399683,7.2,6.7,7.1,7.1,7.4
tt1401152,7,6.7,7,6.8,6.8
tt1403865,7.6,7.5,7.6,7.6,7.6
tt1403981,7.4,6.7,7.3,7,6.8
tt1408101,7.8,7.1,7.8,7.6,7.7
tt1408253,6.4,6.6,6.4,6,5.7
tt1409024,6.9,6.9,6.9,6.7,6.8
tt1411238,6.4,6.1,6.4,6.1,6
tt1411250,6.6,5.8,6.5,6.4,6.5
tt1411697,6.6,6.6,6.6,6.4,6.1
tt1412386,7.4,7.1,7.2,7.2,7.4
tt1413492,6.7,7,6.6,6.4,6.6
tt1418377,5.4,5.2,5.2,5,5.3
tt1424381,6.5,5.9,6.4,6.4,6.4
tt1428538,6.3,6,6.2,6,6.1
tt1430132,6.8,6.5,6.8,6.6,6.7
tt1431045,8.1,8.1,8.1,7.9,7.8
tt1433108,6.7,7.8,6.5,6.4,6.4
tt1433811,7.6,8,7.7,7.5,7.4
tt1436045,7.6,6.4,7.7,7.6,7.4
tt1436562,7.1,6.7,7,6.9,6.8
tt1438176,6.5,6.3,6.5,6.3,6.2
tt1440129,6.1,5.2,6,5.8,5.8
tt1440292,7.5,8,7.6,7.2,6.9
tt1440728,6.2,6.5,6.2,6.3,6.3
tt1441395,6.3,7.5,6.7,6.2,6
tt1441952,6.9,6.4,6.8,6.7,6.9
tt1446192,7.6,6.9,7.5,7.1,7.1
tt1446714,7,6.8,7,7,6.9
tt1448755,6.6,5.9,6.6,6.4,6.4
tt1450321,7.2,7.2,7.3,7,6.6
tt1453405,7.4,7,7.4,7.2,7.1
tt1454029,8.1,8,8.2,8,8
tt1454468,7.6,7.4,7.7,7.8,7.7
tt1456635,7,6.5,6.9,6.8,6.7
tt1457767,7.7,7.7,7.6,7.4,7.3
tt1458175,7.5,7.5,7.5,7.3,7.2
tt1462041,6.3,5.2,6.2,5.9,6
tt1462758,6.9,7,7.1,7,6.7
tt1464540,6.3,5.7,6.2,6,6.1
tt1465522,7.7,7.2,7.6,7.5,7.5
tt1467304,4.5,3.9,4.1,4.5,4.7
tt1469304,5.8,6.6,5.7,5.4,5.4
tt1470827,6.4,6.7,6.5,6.4,6.3
tt1473832,6.7,6.5,6.8,6.4,6.3
tt1477076,5.8,5.2,5.8,5.5,5.6
tt1477834,7.1,7.3,7.1,6.8,6.8
tt1478338,6.9,6.8,6.8,6.8,6.8
tt1478964,6.7,7,6.8,6.6,6.4
tt1482459,6.6,5.8,6.6,6.3,6.2
tt1483013,7.1,7,7,7,7
tt1485796,7.9,7.7,7.6,7.5,7.5
tt1486185,5.7,6.2,5.7,5.3,5.4
tt1486192,6.6,6.8,6.7,6.3,6.3
tt1486834,6.9,6.7,6.9,6.7,6.6
tt1488555,6.5,6.4,6.5,6.3,6.2
tt1488606,6.5,7,6.6,6.4,6.3
tt1489887,7.1,7.3,7.4,7.1,6.8
tt1489889,6.5,6.5,6.4,6.2,6.3
tt1490017,7.8,7.9,7.9,7.6,7.4
tt1491044,6.9,6.5,6.9,6.8,6.8
tt1496025,6.6,6.5,6.5,6.3,6.4
tt1499658,7,6.9,7,6.8,6.7
tt1502397,6.8,6.7,6.8,6.5,6.4
tt1502404,5.5,6.3,5.5,5.4,5.6
tt1502407,6.6,7,6.7,6.4,6.4
tt1502712,4.2,3.3,4.1,4.4,4.6
tt1504320,8,7.9,8.1,8,8
tt1506999,5.7,5.5,5.7,5.8,6
tt1509767,5.9,6.1,6,5.6,5.7
tt1512235,6.8,6.1,6.8,6.8,6.6
tt1515091,7.7,7.5,7.7,7.4,7.2
tt1517260,6.3,5.9,6.2,5.7,5.7
tt1517451,7.8,7.6,7.8,7.5,7.5
tt1524137,6.6,5.8,6.6,6.4,6.4
tt1524930,6.3,5.9,6.2,6.1,6.1
tt1527186,7.2,7.4,7.4,7.1,6.8
tt1527788,7.9,7.1,7.9,7.7,7.6
tt1528071,6.5,4.9,6.5,6.4,6.4
tt1528100,6,5.7,6.1,6,6
tt1528854,6.3,6,6.2,6.1,6.1
tt1532503,7.3,6.3,7.4,7.1,6.9
tt1535108,6.7,6.6,6.7,6.6,6.6
tt1535109,7.9,7.7,7.9,7.7,7.7
tt1536044,5.8,4.8,5.6,5.7,5.6
tt1536537,7,7.3,7,6.8,6.9
tt1538403,6.4,6.6,6.2,5.6,5.8
tt1540133,7.4,7.6,7.4,7.3,7.3
tt1542344,7.6,7.5,7.7,7.5,7.3
tt1547234,6.6,6.9,6.7,6.4,6.5
tt1549572,7,6.5,7.1,7,6.8
tt1549920,6.5,6.3,6.5,6.3,6.3
tt1555149,8.1,8.1,8.2,8.1,7.6
tt1559547,6.4,5.6,6.3,6,6.2
tt1560220,6.8,7.2,6.8,6.6,6.7
tt1560747,7.1,8.1,7.7,7,6.5
tt1562872,8.3,8.6,8.4,7.8,7
tt1563738,7.2,7.5,7.2,6.9,6.6
tt1564367,6.6,6.5,6.5,6.3,6.2
tt1564585,4.5,4.1,4.2,4.3,4.8
tt1567609,7.1,6.7,7.1,7,6.9
tt1568338,6.7,6.4,6.9,6.5,6.5
tt1568346,7.9,7.6,7.9,7.8,7.7
tt1568911,7.4,7.3,7.5,7.1,7.1
tt1568921,7.7,7.5,7.7,7.6,7.5
tt1570728,7.5,7.6,7.5,7.4,7.2
tt1571222,6.5,6.4,6.6,6.4,6.4
tt1571234,6.2,6.4,6.1,6,6.2
tt1582507,5.8,5.5,5.7,5.4,5.5
tt1583420,6.2,6.8,6.1,6,6.2
tt1583421,6,7.2,6,5.7,5.7
tt1586265,5.9,5.3,6,5.6,5.3
tt1586752,7,7.8,7,6.7,6.6
tt1587310,7.2,7,7,6.9,7.1
tt1588170,7.8,7.4,8,7.8,7.6
tt1588173,7.1,6.7,7,6.8,6.8
tt1588334,6.6,6.5,6.6,6.4,6.4
tt1590193,6.4,6.3,6.4,6.2,6.3
tt1591095,7,7.1,6.9,6.8,6.6
tt1591479,6.8,7.4,6.6,6.4,6.5
tt1592525,6.2,5.8,6.3,6,6
tt1596343,7.5,7.5,7.5,7.2,6.9
tt1596350,6.5,6,6.6,6.2,6.1
tt1596363,7.8,7.6,7.8,7.7,7.7
tt1596365,6.6,6,6.5,6.3,6.4
tt1598778,6.8,6.6,6.8,6.7,6.7
tt1598822,5.9,6.3,5.9,5.5,5.6
tt1599348,6.9,6.5,6.8,6.7,6.8
tt1600195,5.4,5.8,5.3,4.9,5.2
tt1600196,7.1,7.4,7.1,7,7.1
tt1601913,6.8,7,7,6.7,6.5
tt1602613,5.8,6.3,6,5.7,5.4
tt1602620,7.8,8.1,8.1,7.8,7.8
tt1605630,6.9,6.8,6.9,6.6,6.3
tt1605717,7,6.9,7.2,6.9,6.6
tt1605783,7.7,8.1,7.8,7.6,7.5
tt1606378,5.4,4.5,5.3,5.2,5.4
tt1606389,7.1,6.9,7,6.7,6.5
tt1608290,4.7,4.9,4.7,4.7,4.7
tt1611224,6.1,6.3,6.1,5.8,5.9
tt1614989,7.6,7.8,7.6,7.5,7.5
tt1615065,6.6,5.4,6.6,6.4,6.4
tt1615147,7.2,6.5,7.1,7.1,7.2
tt1615160,7.2,7.1,7,6.9,7.1
tt1616195,6.6,5.8,6.6,6.5,6.5
tt1617661,5.5,4.3,5.3,5.3,5.6
tt1618434,6.1,6.4,6.1,5.9,5.9
tt1618442,6.2,6,6.1,5.9,5.9
tt1619029,6.6,7,7,6.5,6.4
tt1622547,6.2,5.8,6.2,6.1,5.8
tt1622979,6,5.9,5.9,5.7,6
tt1623205,6.4,6.1,6.3,6.2,6.5
tt1623288,7.1,6.9,7.1,6.9,6.9
tt1625346,6.2,6,6.3,6.2,6.3
tt1628841,5.3,4.8,5.3,5.2,5.3
tt1631867,8,7.9,8,7.8,7.8
tt1632708,6.7,6.6,6.7,6.4,6.3
tt1634122,6.6,6.8,6.5,6.1,6.1
tt1636826,6.9,6.9,6.8,6.5,6
tt1637688,6.9,6.8,6.9,6.6,6.5
tt1637706,6.5,5.6,6.5,6.4,6.3
tt1637725,7,6.9,7,6.9,6.7
tt1638002,7.5,7.5,7.3,6.9,6.8
tt1638355,7.4,7.2,7.4,7.2,7
tt1645170,6.6,6.9,6.6,6.3,6.1
tt1646971,8,7.7,8,7.7,7.6
tt1646987,5.9,5.2,5.8,5.7,5.8
tt1648179,6.6,5.6,6.5,6.3,6.4
tt1648190,5.7,5.8,5.6,5.6,5.8
tt1649419,7.7,7.9,7.8,7.5,7.4
tt1650062,7,7,7.1,7,7
tt1650554,6.7,6.2,6.7,6.5,6.4
tt1655420,7,7.8,7.1,6.9,7
tt1655441,7.5,7.3,7.4,7.1,7.2
tt1655442,7.8,7.7,8,7.9,7.7
tt1655460,5.7,7.5,5.8,5.6,5.5
tt1656190,6.7,6.4,6.6,6.4,6.5
tt1657507,6.6,6.3,6.6,6.3,6.4
tt1659337,8.1,8.1,8.1,7.8,7.7
tt1661199,7.1,6.6,7,6.8,7
tt1663202,8,8.2,8.1,7.9,7.8
tt1663662,7.1,7.2,7.1,6.9,6.6
tt1666801,6.7,6.3,6.6,6.3,6.4
tt1667353,5.8,6.2,5.7,5.5,5.7
tt1667889,6.8,6.3,6.6,6.6,6.6
tt1670345,7.4,7.5,7.5,7.1,7.1
tt1673434,6.1,6,5.5,5.3,5.7
tt1674771,6.8,5.4,6.8,6.5,6.1
tt1675192,7.4,7.6,7.6,7.4,7.1
tt1675434,8.6,8.4,8.7,8.5,8.2
tt1677720,7.6,7.5,7.5,7.4,7.4
tt1679335,6.7,5.8,6.5,6.4,6.4
tt1682180,6.9,6.7,7,6.8,6.5
tt1683526,7.9,7.7,8,7.7,7.5
tt1687901,6.7,5.4,6.6,6.4,6.6
tt1690953,7.5,6.8,7.4,7.3,7.4
tt1692486,7.2,7.2,7.3,7.1,6.9
tt1700841,6.1,6,6.3,6.1,5.9
tt1702439,7,7.3,6.9,6.5,6.5
tt1706593,7.1,7.6,7.2,7,6.7
tt1706620,7.1,7.7,7.4,7,6.7
tt1707386,7.7,7.5,7.8,7.4,7.3
tt1711425,6.1,6.2,6.1,5.7,5.4
tt1711525,5.9,5.8,5.8,5.8,5.8
tt1712261,6.3,6,6.3,6.3,6.3
tt1714206,7.1,7,7.2,7,6.8
tt1714915,7.4,7.2,7.5,7.2,6.9
tt1716772,6.9,7.1,6.9,6.7,6.5
tt1723121,7.2,7,7.1,6.9,6.9
tt1723811,7.2,7.8,7.5,7.2,6.9
tt1726592,6.5,6.8,6.6,6.3,6.2
tt1726669,6.6,6.4,6.8,6.7,6.6
tt1727388,7.5,7.8,7.5,7.3,7.3
tt1727824,8.2,7.9,7.9,7.9,8.1
tt1731141,6.8,6.4,6.8,6.6,6.6
tt1735898,6.3,6.2,6.2,6,6.3
tt1740707,7.1,6.8,7,7,6.9
tt1748122,7.8,8.2,8,7.7,7.5
tt1753383,7.2,7.5,7.3,7.1,7.2
tt1758830,6.2,6.5,6.2,6.2,6.2
tt1763303,7.1,6.7,7,6.6,6.5
tt1764234,6.1,6.3,6.4,6.2,6.1
tt1764651,6.8,6.7,6.7,6.6,6.4
tt1772341,7.8,7.6,7.8,7.7,7.4
tt1778304,5.9,5.3,5.8,5.8,5.6
tt1781769,6.7,7.2,6.8,6.5,6.3
tt1781922,6.9,6.9,6.8,6.7,6.7
tt1790809,6.8,6.7,6.6,6.5,6.6
tt1790864,7,7.1,7,6.7,6.6
tt1790885,7.4,7.3,7.5,7.3,7.4
tt1790886,6.2,6.3,6.2,6.1,6.1
tt1791528,6.7,6.9,7,6.6,6.2
tt1798684,7.6,7.5,7.6,7.2,7.1
tt1798709,7.9,8.3,8.2,7.9,7.4
tt1800241,7.2,7.2,7.3,7.2,7.2
tt1800246,6.3,7.2,6.3,6,5.7
tt1809398,7.4,7.6,7.4,7.1,7.1
tt1815862,5,4.1,4.8,4.9,4.9
tt1817273,7.4,7.5,7.6,7.2,7.1
tt1821549,7.7,8.1,7.9,7.7,7.7
tt1821694,6.8,6.4,6.8,6.5,6.7
tt1823672,6.9,6.7,6.9,6.8,6.6
tt1825683,7.3,7.6,7.4,7.1,7.1
tt1832382,8.4,8.1,8.4,8.3,8
tt1839492,7.3,7,7.4,7.1,7
tt1840309,6.9,6.5,6.9,6.5,6.6
tt1840417,7.2,6.8,7.3,7,6.9
tt1843866,7.9,8,7.9,7.6,7.7
tt1850457,6.1,6.3,6.1,5.9,5.8
tt1853728,8.4,8.7,8.6,8.4,8
tt1853739,6.6,7.4,6.6,6.5,6.5
tt1854564,6.1,5.2,5.9,5.7,5.8
tt1855199,7.7,7.4,7.8,7.6,7.4
tt1855325,5.7,5.3,5.6,5.2,5.4
tt1856101,7.9,8.3,8.2,7.9,7.7
tt1859650,6.4,2.8,6.4,6.3,6.2
tt1860213,6.1,5.8,6,5.9,5.6
tt1860242,7.1,6.7,6.8,6.9,7.1
tt1860353,6.6,6.2,6.5,6.4,6.3
tt1860357,7.2,7.2,7.3,7,7
tt1862079,7.1,6.7,7,6.9,7
tt1872181,6.8,5.7,6.7,6.5,6.4
tt1872194,7.6,7.5,7.6,7.3,7.3
tt1877832,8.1,8.1,8.1,7.9,7.7
tt1878870,7.4,7.4,7.4,7.2,7.2
tt1893256,6.4,6.1,6.4,6.1,6.3
tt1895587,8.1,7.8,8.2,8,8
tt1899353,7.8,7.8,7.8,7.6,7.2
tt1904996,6.4,5.8,6.4,6.1,6.3
tt1905041,7.3,7.1,7.3,6.9,6.8
tt1907668,7.4,7.2,7.4,7.3,7.2
tt1911644,6.9,6.8,7,6.6,6.6
tt1911658,6.8,6.3,6.8,6.6,6.6
tt1912398,7.4,6.1,7.3,7.2,7.1
tt1915581,6.2,5.5,6.2,6,5.8
tt1921064,5.7,5.1,5.8,5.4,5.5
tt1922777,6.9,7,6.9,6.7,6.6
tt1924396,8,7.6,8,7.8,7.7
tt1924429,7,6.7,7.2,6.9,6.7
tt1924435,6.7,6.5,6.6,6.3,6
tt1931533,7.2,7.3,7.4,7.1,6.8
tt1935179,7.4,7.5,7.6,7.3,7.3
tt1935859,6.8,7,6.7,6.6,6.7
tt1937390,6.9,6.4,7.1,6.9,6.6
tt1939659,6,5.8,5.9,5.8,5.9
tt1950186,8.2,8.3,8.2,8,8
tt1951261,6,5.9,6,5.7,5.6
tt1951264,7.7,7.4,7.8,7.3,7.2
tt1951265,6.8,6.6,6.8,6.5,6.6
tt1951266,6.7,6.7,6.7,6.4,6.4
tt1954470,8.4,7.1,8.7,7.9,5.8
tt1956620,5.2,6,5.3,5.1,5
tt1959490,5.7,5.7,6,5.8,5.5
tt1959563,7.1,7.1,7,6.8,6.9
tt1961175,6.3,6.3,6.2,6.1,6.3
tt1964418,6.5,6.1,6.5,6.4,6.5
tt1972571,6.8,6.8,6.8,6.7,6.9
tt1972591,7,6.6,6.9,6.7,6.5
tt1972779,7,6.9,6.9,6.4,6.5
tt1974419,6.2,6.5,6.5,6.1,5.5
tt1979320,8.2,8,8.3,8,7.8
tt1979376,7.8,8.1,7.9,7.7,7.6
tt1979388,6.8,6.3,6.8,6.7,6.7
tt1980209,6.5,6.7,6.5,6.4,6.2
tt1980929,7.6,7.6,7.6,7.3,7.3
tt1981115,7.1,6.2,7,6.9,6.9
tt1981128,5.5,5.1,5.4,5.2,5.3
tt1981677,7.4,7.3,7.3,7,7
tt1985949,6.5,6,6.4,6.2,6.1
tt1985966,6.6,6.2,6.5,6.3,6.1
tt1990314,7.1,6.6,7.2,7.1,6.9
tt1991245,5.2,4.9,5,5,5.1
tt2002718,5.7,6.8,5.6,5.6,5.6
tt2004420,6.4,6.4,6.5,6.2,5.8
tt2005151,7.2,7.1,7.2,7.1,7
tt2013293,7.8,7.7,8,7.6,7.6
tt2015381,8.1,8.2,8.1,8,8
tt2017038,6.8,7,7,6.8,6.8
tt2023587,6.3,6.2,6.2,6.2,6.3
tt2024432,5.9,5.6,5.8,5.6,5.7
tt2024469,7.1,6.7,7.1,6.8,6.8
tt2024544,8.1,8.2,8.3,8,7.8
tt2025690,6.9,6.6,6.8,6.6,6.8
tt2034800,6.1,5.9,6,5.9,6.1
tt2039393,6.1,6.8,6.2,6,6
tt2042568,7.5,8.2,7.8,7.3,7
tt2051879,6.5,6.3,6.6,6.4,6.3
tt2053425,7.5,7.5,7.6,7.5,7.4
tt2053463,7.1,6.7,7.2,7,6.9
tt2057392,7.3,6.9,7.4,7.2,7.3
tt2066051,7.4,7.7,7.4,7.2,7.4
tt2080374,7.1,7.7,7.4,7,6.9
tt2082197,8.1,8,8.3,8,7.2
tt2084970,8.1,8.2,8.2,7.9,7.9
tt2094766,6,5.3,5.8,5.7,5.6
tt2096672,5.8,5.3,5.9,5.5,5.4
tt2096673,8.1,8,8.3,8.1,7.9
tt2101341,6.6,4.8,6.6,6.4,6.5
tt2101441,5.3,6,5.3,5.3,5.2
tt2103281,7.7,7.6,7.8,7.5,7.4
tt2106361,6,5.6,6,5.7,5.7
tt2106476,8.2,8.5,8.5,8.2,8.1
tt2109184,4.8,4.5,4.6,4.6,4.6
tt2109248,5.9,5.1,5.7,5.6,5.7
tt2119532,8.2,8.5,8.3,7.9,8
tt2120120,5.7,5.1,5.5,5.5,5.7
tt2125435,7.3,6.8,7.5,7.2,7
tt2126355,6.2,6.5,6.2,5.9,6.1
tt2132285,5.6,5.4,5.6,5.5,5.5
tt2139881,6.9,7.1,7,6.8,6.7
tt2140373,7.6,7.5,7.6,7.4,7.5
tt2140379,6.7,6.4,6.7,6.4,6.5
tt2140479,7.5,7.2,7.3,7.3,7.4
tt2140619,6.5,7.1,6.5,6.3,6.1
tt2170439,6.4,6.4,6.5,6.2,6
tt2170593,7.4,6.8,7.2,7.2,7.3
tt2172934,6.3,6.7,6.4,6.1,6.3
tt2177771,6.1,6.7,6.2,6,6.2
tt2179116,7.3,7.1,7.3,7,6.8
tt2179136,7.3,7.4,7.3,7.2,7.3
tt2180411,6,5.9,6.2,5.7,5.8
tt2184339,5.8,5.9,5.7,5.7,5.7
tt2191701,5.7,5.1,5.6,5.2,5.1
tt2193215,5.3,4.7,5.3,5.3,5.5
tt2194499,8,7.9,8,7.7,7.6
tt2199571,6.7,6.6,6.7,6.5,6.6
tt2203939,6.3,6.5,6.2,5.9,5.9
tt2205697,7.5,7.1,7.5,7,6.9
tt2209418,7.8,8.6,8.1,7.8,7.4
tt2209764,6.4,6.5,6.4,6.2,6.1
tt2224026,6.9,6,6.8,6.5,6.5
tt2226417,6.8,6.6,6.7,6.5,6.3
tt2226597,6.6,6.2,6.5,6.3,6.4
tt2229499,6.5,6.6,6.6,6.5,6.4
tt2231461,6.4,6.4,6.1,6,6.2
tt2234155,6.5,6.3,6.6,6.2,6
tt2239822,6.6,6.4,6.4,6.4,6.6
tt2241351,6.5,7.1,6.6,6.4,6.5
tt2245084,8,7.7,7.9,7.7,7.6
tt2250912,7.5,7.8,7.5,7.3,7.3
tt2262227,7.5,7,7.4,7.2,7.1
tt2265171,8.1,7.5,8.2,7.9,7.4
tt2267968,7.3,7.2,7.2,7,6.9
tt2267998,8.1,8.3,8.3,8,7.7
tt2273657,6.3,7.1,6.4,6.2,6.2
tt2274648,5.3,5,5.1,5.3,5.3
tt2277860,7.4,7,7.4,7.2,7.1
tt2278388,8.1,8.4,8.3,8,7.8
tt2278871,7.7,7.8,7.8,7.7,7.5
tt2283336,5.7,5.8,5.7,5.6,5.8
tt2283362,7.1,7.3,7,6.8,7
tt2293640,6.5,5.9,6.5,6.3,6.5
tt2294449,7.2,7.4,7.3,6.8,6.4
tt2294629,7.6,7,7.6,7.4,7.4
tt2302755,6.7,6.3,6.7,6.4,6.4
tt2304933,5.4,5.5,5.5,5,5.2
tt2305051,7.2,7.5,7.3,7.1,7.1
tt2310332,7.5,7.5,7.5,7.3,7.4
tt2312718,6.7,6.5,6.7,6.4,6.5
tt2316204,6.4,6.2,6.5,6.4,6.4
tt2316411,6.9,7.5,7.3,6.8,6.3
tt2321549,6.7,7,6.9,6.7,6.6
tt2322441,4.6,4.5,4.1,4.1,4.2
tt2333784,6.3,6.1,6.2,6,6.1
tt2334649,7.5,7.9,7.8,7.4,7.2
tt2334873,7.3,7.5,7.4,7.2,7.3
tt2334879,6.5,6.3,6.6,6.2,6.2
tt2338151,8.1,8.2,8.3,7.9,7.1
tt2345759,5.5,4.9,5.4,5.4,5.5
tt2347569,7.5,7.7,7.7,7.4,7
tt2357129,6.1,6.1,6.1,5.8,6
tt2357291,6.5,6,6.5,6.3,6.2
tt2358891,7.8,7.3,8,7.7,7.5
tt2359024,7.1,6.8,7.2,7.1,7
tt2361509,7.3,7.3,7.3,7,7
tt2364841,5.8,6.8,5.8,5.5,5.6
tt2369135,6.8,6.2,6.8,6.3,6
tt2370248,8,8.2,8.2,7.8,7.6
tt2377322,6.4,6.5,6.3,6.1,6.2
tt2379713,6.8,6.9,6.8,6.7,6.9
tt2380307,8.4,8.4,8.5,8.3,8.1
tt2381111,7.6,7.2,7.6,7.3,7.5
tt2381249,7.5,7.7,7.5,7.3,7.4
tt2381941,6.8,7,6.8,6.5,6.3
tt2381991,6.3,5.9,6.2,6,6.2
tt2382009,6.7,6.2,6.8,6.6,6.4
tt2386490,7.7,7.9,7.6,7.3,7.3
tt2387433,6.5,5.7,6.4,6.3,6.3
tt2387559,6.5,6.2,6.6,6.3,6.3
tt2388715,6.6,6.8,6.6,6.4,6.4
tt2395427,7.4,7.2,7.4,7.2,7.3
tt2397535,7.6,7.9,7.7,7.4,7.2
tt2400463,6.6,6.6,6.7,6.6,6.5
tt2401878,7.2,8.1,7.6,7.1,6.8
tt2402157,6.4,6.2,6.4,6.1,6.4
tt2402927,7.3,7.6,7.5,7.1,7.1
tt2404233,5.6,5.5,5.4,5.4,5.6
tt2404311,6.5,6.2,6.5,6.3,6.3
tt2404435,7,6.8,6.9,6.8,6.9
tt2404463,6.8,6.7,6.8,6.5,6.4
tt2406566,6.8,6.8,6.8,6.6,6.7
tt2431286,7.7,7.7,7.6,7.6,7.7
tt2436386,6.5,6.3,6.7,6.3,6
tt2446042,6.2,5.5,6.1,5.9,6
tt2446980,6.7,6.5,6.7,6.6,6.6
tt2452244,6,6.1,5.9,5.8,5.9
tt2481498,6.8,6.9,6.7,6.6,6.7
tt2488496,7.8,7.5,8,7.8,7.8
tt2494362,7.1,7.7,7.3,7.1,7
tt2503944,6.7,6.5,6.8,6.5,6.4
tt2510894,6.9,6.4,6.8,6.6,6.6
tt2527336,6.7,6.9,7.1,7,7
tt2527338,6.7,6.4,6.5,6.6,7
tt2531344,6.4,6.5,6.3,6.1,5.9
tt2543164,7.9,8.1,8.2,7.8,7.6
tt2543472,8.2,7.9,8.1,7.9,7.8
tt2548396,5.6,4.8,5.5,5.6,5.6
tt2554274,6.6,6.6,6.7,6.4,6.5
tt2557478,5.7,5.4,5.6,5.6,5.6
tt2557490,6.2,6.3,6.2,6,6
tt2561572,6.2,5.9,6.1,6,5.8
tt2562232,7.6,8.2,8,7.6,7.2
tt2567026,6.4,6.1,6.3,6.1,6.3
tt2568862,6.8,6.9,6.7,6.5,6.6
tt2582496,7.8,7.8,7.9,7.6,7.5
tt2582782,7.7,7.5,7.7,7.5,7.6
tt2582802,8.4,8.8,8.7,8.4,8.1
tt2582846,7.9,7.7,7.8,7.6,7.5
tt2584384,8,8,8,7.8,7.7
tt2592614,5.7,5.1,5.6,5.4,5.7
tt2631186,8.4,8.2,8.2,7.8,7
tt2637276,6.4,6.6,6.4,6.2,6.1
tt2649554,6.6,6.6,6.7,6.6,6.6
tt2660888,7.1,7,7.2,6.9,7.1
tt2671706,7.2,7.3,7.3,7.1,7.1
tt2674426,7.6,7.7,7.4,7.2,7.3
tt2679042,5.9,5.3,5.8,5.6,5.8
tt2692250,6.4,6.3,6.3,6.1,6.2
tt2692904,7.1,7.6,7.3,7,7.1
tt2704998,7,7.1,7.1,6.8,6.8
tt2709768,6.7,6.3,6.6,6.5,6.6
tt2713180,7.7,7.8,7.8,7.4,7.4
tt2719848,7.2,6.9,7.2,7,7
tt2726560,7.4,7.1,7.2,6.9,6.9
tt2737304,6.7,6.4,6.6,6.6,6.6
tt2763304,7.3,6.9,7.4,7.1,7
tt2771200,7.3,7.1,7.2,7,7.2
tt2788710,6.8,6.6,6.7,6.4,6
tt2798920,6.8,7.1,7.1,6.8,6.5
tt2802144,7.8,8,7.9,7.6,7.5
tt2820852,7.4,7.5,7.4,7,6.8
tt2823054,6.1,6.3,6.1,5.9,5.7
tt2848292,6.6,6.8,6.5,6.3,6.2
tt2854926,6.6,6.9,6.7,6.4,6.3
tt2866360,7.3,7.5,7.5,7.1,6.7
tt2870612,6.4,6,6.4,6.1,5.9
tt2870756,6.6,5,6.6,6.5,6.6
tt2872718,7.9,8.3,8,7.8,7.6
tt2872732,6.5,6.8,6.4,6.3,6.6
tt2873282,6.7,6.5,6.6,6.5,6.6
tt2883512,7.4,7.6,7.4,7.2,7.2
tt2884206,7.5,7.3,7.7,7.2,6.9
tt2908446,6.4,6.1,6.4,6.1,6.2
tt2910814,6.1,5.6,6.2,6.1,6
tt2911666,7.5,7.8,7.5,7.2,7.1
tt2935510,6.4,7.2,6.9,6.5,6.2
tt2937898,7,7,7.2,6.9,6.8
tt2948356,8.1,8,8.2,7.9,7.8
tt2975578,6.6,6.3,6.5,6.4,6.3
tt2975590,6.7,5.6,6.5,6.4,6.4
tt2980516,7.8,7.7,7.9,7.6,7.6
tt2980592,6.7,6.4,6.9,6.6,6.3
tt2980648,7.5,7.4,7.4,7.2,7.4
tt3007512,7.3,6.8,7.3,6.9,7
tt3011894,8.1,8.1,8.3,8.1,8
tt3040964,7.5,7.1,7.4,7.3,7.4
tt3045616,5.7,5.1,5.7,5.5,5.4
tt3062096,6.2,6.1,6.3,6.1,6.1
tt3063516,6.7,5.7,6.6,6.5,6.3
tt3065204,7.5,7.5,7.4,7.2,7.1
tt3072482,6.8,6.8,6.9,6.7,6.3
tt3076658,7.7,7.9,7.8,7.5,7.3
tt3079380,7.1,7.1,7.2,6.9,6.9
tt3104988,7,7,7,6.7,6.8
tt3110958,6.6,6.9,6.7,6.3,6.2
tt3152624,6.2,5,6.2,6.2,6.2
tt3168230,7,7.2,7,6.8,6.9
tt3170832,8.1,8.1,8.3,8,7.9
tt3183660,7.4,7.3,7.4,7.2,7.2
tt3195644,6.3,6,6.1,6,6
tt3203606,7.5,7.6,7.5,7.4,7.6
tt3235888,6.7,6.9,6.9,6.8,6.6
tt3263904,7.6,7.4,7.5,7.4,7.5
tt3281548,7.9,8,8,7.6,7.5
tt3289956,6.9,7,6.8,6.7,6.7
tt3300542,6,5.8,5.9,5.8,6
tt3312830,7.4,7.1,7.6,7.2,7.1
tt3315342,8.2,8.6,8.3,7.9,7.7
tt3316948,6.2,6.6,6.2,6,6.2
tt3316960,7.6,7.6,7.5,7.4,7.4
tt3322364,7.3,7,7.2,7.1,7.1
tt3322940,5.6,5.3,5.4,5.4,5.5
tt3348730,6,5.4,5.8,5.7,5.8
tt3371366,5.4,4.9,5.2,5.2,5.3
tt3381008,6.3,6.1,6.3,6.1,6.1
tt3385516,7,6.6,7,6.9,6.9
tt3393786,6.2,6.2,6.2,6,6.3
tt3397884,7.6,7.6,7.7,7.6,7.6
tt3402236,6.6,6.8,6.6,6.4,6.4
tt3410834,5.9,5.4,5.7,5.6,5.8
tt3416532,7.6,7.6,7.6,7.4,7.4
tt3416742,7.8,7.9,7.8,7.6,7.4
tt3450958,7.5,7.8,7.6,7.3,7.2
tt3460252,7.8,8.3,8.1,7.7,7.4
tt3464902,7.1,7.8,7.4,7,6.6
tt3469046,6.4,6,6.2,6.2,6.4
tt3470600,7.3,6.6,7.1,7.1,7.2
tt3488710,7.4,7.5,7.4,7.2,7.3
tt3498820,7.9,8,7.9,7.7,7.6
tt3501632,8,8.1,7.9,7.8,7.7
tt3521126,7.4,7.6,7.5,7.3,7
tt3521164,7.7,7.5,7.6,7.5,7.5
tt3522806,5.9,5.7,5.9,5.5,5.7
tt3530002,6.5,6.1,6.6,6.3,5.9
tt3531824,6.7,6.4,6.7,6.4,6.2
tt3532216,7.2,7.4,7.2,7.1,7.1
tt3544112,8,8,8.1,7.8,7.8
tt3553976,8,7.6,8,7.8,7.6
tt3567288,6.3,5.3,6.3,6.2,6
tt3569230,7.1,6.9,7.1,6.8,6.8
tt3605418,4.8,4.5,4.9,4.9,4.9
tt3606752,6.9,6.8,6.8,6.7,6.7
tt3606756,7.7,7.6,7.8,7.5,7.5
tt3622592,6.4,6,6.4,6.2,6.2
tt3631112,6.6,6.3,6.6,6.5,6.5
tt3640424,7.2,7.3,7.2,7,7
tt3659388,8,8,8.1,7.9,7.9
tt3682448,7.6,7.3,7.7,7.5,7.6
tt3691740,6.5,6.3,6.3,6.3,6.6
tt3713166,5.6,5.1,5.6,5.6,5.3
tt3717252,6.1,5.9,6,5.7,5.9
tt3717490,6.2,5.4,6.1,5.8,5.7
tt3731562,6.7,6.7,6.7,6.6,6.6
tt3741700,6.2,6.4,6.2,5.9,5.8
tt3741834,8.2,7.8,8.1,8,8
tt3748172,6.6,6.9,6.7,6.5,6.4
tt3748528,7.8,7.6,7.8,7.7,7.8
tt3766354,6.9,7.2,6.7,6.6,6.8
tt3774114,7.4,7.2,7.3,7.2,7.3
tt3778644,6.9,6.9,6.9,6.9,7
tt3783958,7.9,8.4,8.3,7.8,7.4
tt3794354,6.8,6.6,6.6,6.5,6.3
tt3799232,6.4,6,6,6.1,6.3
tt3799694,7.4,7.7,7.6,7.2,7
tt3829266,5.4,5.6,5.4,5.3,5.5
tt3846674,7.4,7.2,7.2,7,6.9
tt3850214,7.3,7.4,7.4,7.1,6.8
tt3850590,6.2,5.8,6.2,6.1,6.1
tt3861390,6.4,6.4,6.3,6.3,6.4
tt3863552,8.1,8.3,8.1,7.7,7.1
tt3874544,6.5,6,6.4,6.3,6.2
tt3882082,6.1,5.5,6,5.9,6
tt3890160,7.6,8,7.8,7.4,7.3
tt3896198,7.7,7.8,7.7,7.5,7.6
tt3949660,6.1,5.4,6,5.9,5.9
tt3967856,7.4,7.3,7.5,7.2,7.1
tt4016934,8.1,8.3,8.3,8,7.7
tt4034228,7.8,8.1,8,7.7,7.5
tt4034354,7,7.6,7.3,6.8,6.2
tt4046784,6.5,6.5,6.5,6.2,6.2
tt4052882,6.4,6.3,6.4,6.2,6.4
tt4062536,7,7.2,7.2,6.9,6.7
tt4094724,6.1,6.2,6.1,5.9,5.9
tt4116284,7.4,7.6,7.4,7.2,7.1
tt4123430,6.7,6.6,6.6,6.5,6.5
tt4139588,6.5,5.4,6.2,6.3,6.4
tt4154664,6.8,6.8,6.9,6.9,7
tt4154756,8.5,8.8,8.6,8.3,8.1
tt4154796,8.4,8.7,8.6,8.3,8.1
tt4160708,7.2,7.1,7.2,7,7
tt4172430,7.5,7.2,7.3,7.2,7.4
tt4178092,7.1,7.2,7.2,7,7
tt4196776,6.7,6.4,6.7,6.6,6.7
tt4209788,7.5,7.3,7.5,7.4,7.4
tt4218572,6.8,6.9,7.1,6.8,6.7
tt4263482,6.8,7.3,7.1,6.8,6.6
tt4276820,7.3,7.2,7.2,7.2,7.2
tt4287320,5.3,5.7,5.3,5.3,5.5
tt4302938,7.9,7.6,7.9,7.7,7.7
tt4425200,7.6,7.9,7.7,7.3,7.1
tt4430212,8.4,8,8.5,7.9,6.5
tt4438848,5.7,5.7,5.8,5.6,5.2
tt4465564,5.2,5,4.6,4.4,4.6
tt4481414,7.8,8,7.7,7.5,7.5
tt4500922,6.5,7,6.4,6,6.1
tt4501244,6.4,6.2,6.3,6.1,6.1
tt4513674,6.6,6.5,6.7,6.5,6.7
tt4520988,7.1,7.2,7,6.8,6.7
tt4530422,6.7,7,6.7,6.6,6.5
tt4532826,5.5,5.2,5.5,5.2,5.3
tt4540710,7.6,7.2,7.6,7.5,7.4
tt4550098,7.5,7.6,7.7,7.4,7.2
tt4555426,7.5,7.4,7.4,7.3,7.6
tt4560436,6.3,5.7,6.1,6.1,6.2
tt4572514,7.4,7.5,7.5,7.2,7.3
tt4575576,7.5,7.5,7.4,7.1,7.2
tt4630562,6.8,6.8,6.7,6.5,6.6
tt4633690,7.5,7.3,7.4,7.3,7.2
tt4633694,8.4,8.8,8.6,8.2,8
tt4649466,6.8,6.9,6.9,6.6,6.6
tt4651520,6.4,6.6,6.4,6.1,6.1
tt4682786,7.1,6.6,6.8,6.7,6.8
tt4686844,7,7.5,7.4,7.2,7.1
tt4695012,5.9,6.8,6.5,6,5.8
tt4698684,8,8.2,7.9,7.8,7.7
tt4701182,6.9,7.2,6.9,6.7,6.7
tt4729430,8.3,8.3,8.3,8.1,7.9
tt4731136,6.4,7,6.5,6.3,6.3
tt4776998,6.1,6.2,5.5,6.5,7.6
tt4777008,6.9,6.8,6.7,6.5,6.7
tt4779682,5.8,5.7,5.7,5.5,5.8
tt4786282,6.4,6.3,6.4,6.2,6.3
tt4846232,7.4,7.9,7.6,7.2,6.8
tt4846340,8,7.7,7.9,7.7,7.9
tt4849438,8.5,8.3,8.3,8,7.3
tt4857264,8.2,7.9,8.2,8,7.8
tt4881806,6.3,6.5,6.2,6.1,6.3
tt4912910,7.8,8.2,7.9,7.6,7.6
tt4925292,7.4,7.7,7.6,7.3,7.2
tt4972582,7.4,7.5,7.4,7.3,7.1
tt4975722,7.3,7.9,7.6,7.2,7.2
tt5013056,7.8,8,8.1,7.7,7.6
tt5022702,6.7,6.5,6.7,6.5,6.4
tt5027774,8.1,8.3,8.3,8.1,8.1
tt5028340,6.8,6.6,6.8,6.6,6.8
tt5052448,7.7,8,7.9,7.6,7.4
tt5052474,7.1,7.1,7.1,7,7.1
tt5074352,8.4,8.3,8.5,8.3,7.5
tt5083738,7.5,8.1,7.8,7.5,7.2
tt5095030,7.2,7.1,7.1,7,7.1
tt5104604,8,8.2,8,7.7,7.6
tt5109784,6.4,7.1,7.1,6.5,5.8
tt5140878,6.7,6.6,6.6,6.4,6.3
tt5164214,6.3,6.7,6.5,6.1,6.1
tt5164432,7.8,8,7.7,7.4,7.4
tt5247022,7.3,7.9,7.6,7.2,7.2
tt5294550,6.8,6.9,6.9,6.7,6.8
tt5308322,6.7,6.5,6.6,6.5,6.6
tt5311514,8.5,8.6,8.5,8.2,7.9
tt5362988,7.8,7.8,7.8,7.6,7.7
tt5439796,7.1,7,7.2,6.9,6.9
tt5442430,6.6,6.8,6.7,6.5,6.5
tt5462602,7.6,7.6,7.7,7.5,7.4
tt5463162,7.8,7.9,7.8,7.6,7.6
tt5478478,7.3,6.9,7.2,7.1,7.3
tt5503686,6.3,6.5,6.6,6.2,5.9
tt5519340,6.6,5.6,6.3,6.3,6.3
tt5580036,7.5,7.5,7.6,7.4,7.4
tt5580390,7.2,7.5,7.4,7.2,7.3
tt5606664,7.4,7.6,7.4,7.3,7.3
tt5638642,6.3,6.1,6.3,6.3,6.2
tt5649144,7.6,8.2,7.8,7.5,7.2
tt5700672,7.7,7.9,7.7,7.4,7.5
tt5715874,6.9,7.8,7.3,6.9,6.5
tt5726616,8,8.1,8.1,7.7,7.3
tt5727208,7.3,8,7.7,7.3,6.8
tt5742374,6.7,7.5,7.1,6.7,6.5
tt5758778,6,5.8,5.9,5.7,5.9
tt5776858,7.4,8.3,7.8,7.3,7.1
tt5813916,9.4,9,9.2,8.2,7.1
tt5814060,5.5,5.3,5.3,5.3,5.4
tt5848272,7.1,7,7.1,7,7
tt5884052,6.8,6.6,6.7,6.5,6.2
tt5886046,6.5,6.5,6.4,6.3,6.3
tt5988370,2.8,2.4,1.5,1.2,1.2
tt6105098,7,6.4,6.9,6.8,7
tt6139732,7.2,7,7.1,6.9,6.8
tt6146586,7.6,8.1,7.6,7.3,7.1
tt6155172,7.6,7.6,7.9,7.6,7.5
tt6189022,6.6,6.5,6.4,6.3,6.5
tt6266538,7.2,6.8,7.2,7.2,7.1
tt6292852,6.9,7,6.8,6.7,6.7
tt6294822,7.2,7,7.2,7.1,7.2
tt6320628,7.6,8,7.6,7.3,7.3
tt6343314,7.3,7.8,7.3,7,6.9
tt6394270,6.8,5.8,6.8,6.7,6.8
tt6412452,7.3,7.5,7.4,7.2,7.2
tt6450804,6.3,6.3,6.2,6.2,6.4
tt6499752,7.6,7.9,7.7,7.5,7.3
tt6513120,7.3,7.6,7.1,7,7.1
tt6565702,5.8,5.7,5.7,5.7,5.9
tt6628394,7.1,7.4,7.2,7,7.1
tt6644200,7.6,7.5,7.6,7.4,7.3
tt6663582,6.2,6.9,6.2,5.9,6.1
tt6723592,8,8.5,8.1,7.8,7.5
tt6751668,8.5,9,8.8,8.4,8.1
tt6806448,6.8,6.9,6.5,6.3,6.6
tt6823368,6.7,6.6,6.7,6.6,6.5
tt6857112,6.7,7.2,7.1,6.7,6.4
tt6911608,6.9,7.3,6.8,6.4,6.5
tt6921996,6.4,6.4,6.3,6.1,6.1
tt6966692,8.3,8.1,8.3,8.1,8.2
tt7040874,6.9,6.8,6.9,6.7,6.8
tt7131622,7.6,8.1,7.8,7.5,7.5
tt7146812,7.5,7.5,7.5,7.4,7.2
tt7286456,8.5,8.8,8.6,8.4,8.1
tt7349662,7.5,7.7,7.6,7.4,7.3
tt7349950,6.6,6.7,6.6,6.5,6.5
tt7401588,7.5,7.6,7.5,7.2,7.1
tt7556122,6.8,6.4,6.7,6.5,6.7
tt7653254,7.9,8.4,8.1,7.8,7.6
tt7668870,7.7,7.8,7.8,7.5,7.4
tt7713068,6.2,6.4,6.3,6,5.8
tt7752126,6.2,5.7,5.9,6.2,6.3
tt7784604,7.2,7.7,7.5,7.2,6.7
tt7798634,6.9,7.1,6.9,6.8,6.7
tt7959026,7.1,6.9,7,7,7.2
tt7975244,7,7.2,6.7,6.5,6.7
tt7984734,7.5,8.6,7.9,7.3,6.7
tt7984766,7.4,7.4,7.3,7.2,7.3
tt8079248,6.9,6.7,6.7,6.8,7.2
tt8106534,6.3,6,6.1,6,6.1
tt8108198,8.5,8.5,8.5,8,6.7
tt8110330,9.3,8.5,8.8,8.1,5.5
tt8228288,7,6.9,7.1,6.9,6.7
tt8364368,6.2,6.3,6.2,6.1,6.2
tt8367814,8,7.9,8,7.8,7.6
tt8404614,7.7,7.3,7.6,7.5,7.7
tt8579674,8.3,8.5,8.4,8.2,8.1
tt8580274,6.8,6.6,6.5,6.5,6.7
tt8629748,6.4,5.5,6.2,6.1,6.4
tt8772262,6.9,7.5,7.3,7,6.6
tt8936646,6.8,6.9,6.7,6.7,6.8
tt8946378,8,8.4,8.1,7.8,7.7
tt9243946,7.5,7.9,7.5,7.2,7.1