tt0154506,6000,48482,48482
tt0390384,7000,424760,545436
tt0104815,7000,2040920,2040920
tt1179904,15000,107918810,193355800
tt0109445,27000,3151130,3151130
tt2866360,50000,102617,139745
tt0185937,60000,140539099,248639099
tt0138704,60000,3221152,3221152
tt1549572,100000,1321194,1938783
tt0063350,114000,236452,236452
tt0040522,133000,371111,428978
tt0907657,150000,9439923,20936722
tt0118849,180000,933933,933933
tt0058461,200000,14500000,14516248
tt0117802,200000,4555020,4555020
tt1172570,230000,104979,2260712
tt0042876,250000,46808,46808
tt0118842,250000,12021272,12021272
tt0079501,300000,8750000,8771757
tt0072271,300000,30859000,30859000
tt0077651,325000,47000000,47000000
tt0083907,350000,2400000,2893091
tt0064276,360000,123276,123276
tt0374900,400000,44540956,46138887
tt2359024,420000,258384,993313
tt0393109,475000,2075743,3947579
tt1832382,500000,7099055,22926076
tt0070379,500000,32645,41131
tt1470827,500000,237301,5060438
tt0340377,500000,5739376,8701337
tt0080761,550000,39754601,39754601
tt0059578,600000,15000000,15000000
tt0468489,700000,2697938,4660481
tt1862079,750000,4010957,4424699
tt0069704,777000,115000000,115000000
tt1278340,800000,46742,2166797
tt0054215,806947,32000000,32008644
tt0070917,810000,60891,98201
tt0052311,829000,2247465,2286947
tt0033467,839727,1585634,1594107
tt7668870,880000,26020957,75462037
tt2334649,900000,16101339,17385830
tt0034583,950000,4108411,4374761
tt0424136,950000,1024640,7022209
tt0075148,960000,117235147,117235147
tt0047396,1000000,36764313,37032034
tt0088847,1000000,45875171,51538286
tt3235888,1000000,14674076,21528593
tt1120985,1000000,9706328,15440333
tt0087544,1000000,495770,8734155
tt0093177,1000000,14564027,14575193
tt1853739,1000000,18494006,26895481
tt0117666,1000000,24444121,24444121
tt3713166,1000000,32482090,62882090
tt0416315,1000000,16188180,30762648
tt1991245,1000000,18119640,38390020
tt0080749,1000000,21448782,21448782
tt1899353,1100000,4105187,9148519
tt0055928,1100000,16067035,16068461
tt0092675,1100000,11806119,11806119
tt0105236,1200000,2832029,2889963
tt0060196,1200000,25100000,25252481
tt0387564,1200000,56000369,103911669
tt0073629,1200000,112892319,113135551
tt0075314,1300000,28262574,28441292
tt0154420,1300000,1656223,1657778
tt0046912,1400000,12562,18816
tt0042192,1400000,63463,150438
tt0029583,1499000,184925486,184925486
tt1591095,1500000,54009150,99557032
tt0027977,1500000,163577,457688
tt0021749,1500000,19181,46008
tt0086979,1500000,3851855,4227849
tt0048545,1500000,199963,199963
tt0367089,1500000,7372734,11098131
tt0303816,1500000,21158188,30553394
tt0113540,1500000,7412216,7412216
tt3416742,1600000,3469224,6946808
tt0071360,1600000,4420000,4432180
tt0043014,1752000,299645,299645
tt0057012,1800000,9440272,9443876
tt0072890,1800000,50000000,50000000
tt0087800,1800000,25504513,25504513
tt0074285,1800000,33800000,33800000
tt0067116,1800000,51700000,51700000
tt2125435,1800000,12795746,21107746
tt0031679,1900000,144738,144738
tt0405094,2000000,11286112,77356942
tt0056592,2000000,592237,599146
tt0245712,2000000,5408467,20908467
tt2321549,2000000,964413,10312540
tt1305806,2000000,6391436,42629597
tt1399683,2000000,6531503,13796834
tt2692904,2000000,1375769,5090608
tt0057076,2000000,24796765,24808046
tt0245574,2000000,13839658,33616692
tt0112461,2000000,2381087,2381087
tt0171804,2000000,11540607,11540607
tt5649144,2000000,5904366,10971298
tt3072482,2000000,9252038,16810562
tt0328538,2000000,4601043,10128960
tt1242432,2000000,93051,1278650
tt1763303,2000000,22836,92654
tt0433387,2000000,3337931,5969708
tt0066921,2200000,26589355,26903440
tt0056218,2200000,2757256,2757256
tt0147612,2200000,2982011,2982011
tt0032455,2280000,76408097,76411401
tt0077928,2300000,35000000,35000000
tt0052357,2479000,7705225,7796389
tt0112471,2500000,5535405,5986708
tt0333766,2500000,26782316,35825316
tt1714206,2500000,6854611,6918591
tt0088258,2500000,4736202,4736202
tt3605418,2500000,36336,5567103
tt1512235,2500000,327716,422618
tt0082495,2500000,25533818,25533818
tt1990314,2500000,3325038,4806423
tt0045152,2540800,1826108,1864182
tt0032910,2600000,84254167,121892045
tt0071230,2600000,119601481,119601481
tt0381681,2700000,5820649,15936507
tt0032138,2777000,24790250,26142032
tt0072431,2800000,86273333,86273333
tt0353969,2800000,15357,1032034
tt0075005,2800000,60922980,60922980
tt0042332,2900000,93141149,95126535
tt0073486,3000000,108981275,108997629
tt0364569,3000000,707481,15002116
tt0061722,3000000,104945305,105015008
tt2229499,3000000,24477704,39439355
tt1922777,3000000,48086903,82515113
tt0050212,3000000,27200000,27200000
tt2184339,3000000,64473115,89328627
tt0067992,3000000,526633,527081
tt0058150,3000000,51081062,51160174
tt0082694,3000000,23667907,23667907
tt1462758,3000000,1044143,19439764
tt2209418,3000000,8114627,20994648
tt0040897,3000000,215295,215295
tt0077975,3000000,141600000,141600000
tt0070666,3000000,29800000,29829963
tt4034354,3000000,4210454,4935501
tt1536044,3000000,84752907,177512032
tt0247745,3000000,18492362,23182223
tt0103873,3000000,242623,242623
tt0348333,3000000,16124543,18637690
tt0057546,3000000,12000000,12000000
tt0097493,3000000,1108462,1163969
tt0363589,3000000,1266955,10012022
tt0076666,3000000,94213184,237113184
tt1532503,3200000,5790894,14311701
tt2582802,3300000,13092000,48983260
tt3011894,3300000,3106530,30642704
tt0085334,3300000,20605209,20618717
tt0080339,3500000,83453539,83453539
tt1615147,3500000,5354039,19504039
tt0113118,3500000,27467564,28215918
tt0119164,3500000,45950122,257938649
tt2387433,3500000,17418667,27858103
tt0066026,3500000,81600000,81600000
tt0088993,3500000,5000000,5000000
tt0092991,3600000,5923044,5923044
tt0113627,3600000,32029928,32029928
tt0064665,3600000,44785053,44801177
tt0096283,3700000,2250213,30476970
tt0095327,3700000,516962,516962
tt0075029,3700000,31800000,31800000
tt2106476,3800000,613308,15843274
tt0074958,3800000,23689877,23690757
tt0031381,3977000,200852579,402352579
tt0335266,4000000,44585453,118685453
tt0079470,4000000,20206622,20738770
tt1065073,4000000,25352281,48137666
tt4975722,4000000,27854932,65336603
tt0075686,4000000,38251425,38287178
tt0432348,4000000,87039965,147748505
tt1139797,4000000,2122065,11227336
tt4263482,4000000,25138705,40423945
tt0061852,4000000,141843612,210310084
tt0055254,4000000,144880014,216026182
tt0066999,4000000,35976000,35976000
tt0842926,4000000,20811365,34758951
tt0046183,4000000,87404651,87404651
tt0048280,4000000,93602326,93933394
tt0096256,4000000,13008928,13008928
tt0113101,4000000,4257354,4257354
tt0861739,4000000,8744,14759148
tt0080120,4000000,22490039,22490039
tt0065421,4000000,35452658,35459543
tt0274812,4000000,4059680,9304609
tt0285742,4000000,31273922,45011434
tt0457513,4000000,10525717,39220946
tt2910814,4000000,600896,2595622
tt0873886,4000000,1104682,1874460
tt0310775,4000000,45289,2046061
tt0109831,4400000,52700832,245700832
tt0180093,4500000,3635482,7390108
tt5052448,4500000,176040665,272500313
tt2265171,4500000,2627209,6566916
tt0087928,4500000,81198894,81198894
tt0083929,4500000,27092880,27092880
tt4846232,4500000,2026499,3283369
tt0093629,4500000,44793222,44793222
tt8108198,4500000,1193046,62475342
tt0080453,4500000,58853106,58853106
tt0256009,4500000,755249,6582065
tt0450278,4800000,47326473,81979826
tt5308322,4800000,55683845,125479266
tt1602613,4800000,779188,10639242
tt4786282,4900000,67268835,148868835
tt0790636,5000000,27298285,55736588
tt0361862,5000000,1082715,8203235
tt1182345,5000000,5010163,9760107
tt0095765,5000000,12397210,13826605
tt0080678,5000000,26010864,26020641
tt0307901,5000000,13084595,23932055
tt2226417,5000000,83586447,161919318
tt6499752,5000000,11977130,16642819
tt1727388,5000000,21506546,26474920
tt4178092,5000000,43787265,58980521
tt2101441,5000000,14124284,31724284
tt0424345,5000000,24148068,26986174
tt3316960,5000000,18754371,44779195
tt0249462,5000000,21995263,109281538
tt0259446,5000000,241438208,368744044
tt5462602,5000000,42873127,56411585
tt2388715,5000000,27695246,44459951
tt3567288,5000000,65206105,98450062
tt4062536,5000000,3220371,3769214
tt0283111,5000000,21305259,38275483
tt1450321,5000000,34411,8417248
tt1675192,5000000,1730296,3741098
tt1778304,5000000,104028807,207039844
tt2980592,5000000,332890,2700051
tt1637706,5000000,24816118,25804448
tt4695012,5000000,13985117,19735344
tt2870612,5000000,21321100,41898409
tt5247022,5000000,2152738,9588282
tt2109184,5000000,53885000,142802657
tt0070735,5500000,156000000,156000000
tt1245112,5600000,27766,18853164
tt0063442,5800000,32589624,32599045
tt0086541,5952000,2120439,2120439
tt0068646,6000000,134966411,246120974
tt0114814,6000000,23341568,23341568
tt0246578,6000000,1478493,6979093
tt0091763,6000000,138530565,138545632
tt0091042,6000000,70136369,70712677
tt0071315,6000000,29200000,29225935
tt1125849,6000000,26238243,44734660
tt0077631,6000000,190071103,397217505
tt0144117,6000000,30471,30471
tt0064115,6000000,102308889,102310639
tt0092890,6000000,64577242,217856315
tt0090756,6000000,8551228,8617408
tt0455590,6000000,17606684,48618191
tt0058331,6000000,102272727,103082283
tt0053285,6000000,51600000,51600000
tt0093822,6000000,22847564,29180280
tt0082340,6000000,25244626,25244626
tt0113749,6000000,2122561,2122561
tt0080487,6000000,39846344,39846344
tt0169102,6000000,909043,1724806
tt1333125,6000000,8840453,32443111
tt7798634,6000000,28714231,57615777
tt0055614,6000000,44055492,44061777
tt1489887,6000000,22680962,24863452
tt0368226,6000000,549602,4902652
tt1540133,6000000,5360274,19561904
tt7752126,6000000,17300439,32893421
tt1840417,6000000,11494838,15950164
tt1365050,6000000,90777,90777
tt0103919,6000000,25792310,25794159
tt0354899,6000000,4670644,15116179
tt0120148,6000000,11841544,11841544
tt1436045,6000000,802778,18689058
tt0086200,6200000,63541777,63541777
tt0065214,6244087,638641,638641
tt0088247,6400000,38371200,78680331
tt0091167,6400000,40084041,40084041
tt0338564,6428966,169659,8836958
tt0375679,6500000,54580300,98410061
tt0427944,6500000,24793509,39323027
tt1723811,6500000,3909002,19123767
tt3322940,6500000,84273813,257047661
tt0101507,6500000,57504069,57529070
tt0088128,6500000,23686027,23686027
tt0097216,6500000,27545445,37346892
tt1255953,6800000,2071334,7099598
tt0106677,6900000,7993039,7993039
tt0116282,7000000,24611975,60611975
tt0073195,7000000,260758300,471961371
tt0144084,7000000,15070285,34266564
tt1855199,7000000,41003371,55078146
tt0079817,7000000,85182160,85182160
tt0112851,7000000,25405445,25405445
tt1242460,7000000,1738692,9232318
tt1019452,7000000,9228768,31430334
tt1051906,7000000,64914050,130620744
tt1915581,7000000,113721571,167739368
tt0379725,7000000,28750530,49327405
tt0162346,7000000,6217849,8764007
tt1315981,7000000,9176000,24964890
tt4481414,7000000,24801212,43069254
tt0070328,7000000,35377836,35377836
tt0071807,7000000,20972000,20972000
tt0433383,7000000,31558003,54641191
tt0395584,7000000,17044981,20901859
tt1714915,7000000,1879534,7609187
tt1263670,7000000,39464306,47405566
tt1974419,7000000,1333124,3377430
tt3850214,7000000,17506470,17986781
tt0064757,7000000,22774493,22787885
tt0107822,7000000,40157856,40185556
tt0251736,7000000,12634962,16829545
tt0115734,7000000,560069,560069
tt0066995,7200000,43819547,43819547
tt0808417,7300000,4445756,22783978
tt1289406,7300000,1818681,10371451
tt1527186,7400000,3030848,17039814
tt0467406,7500000,143495265,232372681
tt1022603,7500000,32391374,60722734
tt0095159,7500000,62493712,62493712
tt1174732,7500000,12574914,26096852
tt0097239,7500000,106593296,145793296
tt0090305,7500000,23834048,38934048
tt0097778,7500000,140088813,296999813
tt0061184,7500000,28000000,28005068
tt0110912,8000000,107928762,222831817
tt0449059,8000000,59891098,101058954
tt0289043,8000000,45064915,85720385
tt0092005,8000000,52287414,52287414
tt1282140,8000000,58401464,75026216
tt1306980,8000000,35014192,41097853
tt0087538,8000000,91077276,91119319
tt1980929,8000000,16170632,63464861
tt0340855,8000000,34469210,58469210
tt0804497,8000000,6363628,6491240
tt0079417,8000000,106260000,106260000
tt2582496,8000000,6758416,9074749
tt0079116,8000000,43000000,43004381
tt1800246,8000000,26068955,45640143
tt1839492,8000000,2540106,9368803
tt2132285,8000000,5845732,20045576
tt0963794,8000000,17432844,22818256
tt0862846,8000000,12062558,16580250
tt0088161,8000000,69821334,69821334
tt2401878,8000000,3759286,5659286
tt1300851,8000000,10273188,10629321
tt0059742,8200000,159287539,159413574
tt0087277,8200000,80035402,80035402
tt2872718,8500000,32381217,47398992
tt0074119,8500000,70600000,70600000
tt1666801,8500000,34030343,43709744
tt0211933,8600000,14377198,32730062
tt0405296,8700000,5501616,7659918
tt0090555,8800000,174803506,328203506
tt1602620,8900000,6739492,29664140
tt0209144,9000000,25544867,39970386
tt4972582,9000000,138291365,278454358
tt4034228,9000000,47695371,78988148
tt0366551,9000000,18250550,23936908
tt8772262,9000000,27426361,47903099
tt0128445,9000000,17105219,17195500
tt0159097,9000000,4906229,10409377
tt2975578,9000000,71962800,111928365
tt0079522,9000000,39946780,40194067
tt0482606,9000000,52597610,82410456
tt0085959,9000000,14929552,14949697
tt0101410,9000000,6153939,6153939
tt0795368,9000000,8580428,46789413
tt0059800,9000000,63595658,63595658
tt1878870,9000000,14431633,19370020
tt0112817,9000000,1037847,1037847
tt0094862,9000000,33244684,44196684
tt5886046,9000000,57005601,155712077
tt2017038,9000000,6263670,13627519
tt0091790,9000000,40471663,40471663
tt1619029,9000000,13960394,24270399
tt0324216,9500000,80571655,107362708
tt0062512,9500000,43084787,43084787
tt0100935,9500000,14560247,14560247
tt0085333,9700000,21017849,21017849
tt4160708,9900000,89217875,157830487
tt0119217,10000000,138433435,225933435
tt0211915,10000000,33225499,173924742
tt0151804,10000000,10827810,10827810
tt4925292,10000000,48958273,79097104
tt7784604,10000000,44069456,80239658
tt0120655,10000000,30652890,31429330
tt0489270,10000000,80238724,164874275
tt1935179,10000000,21590086,32613173
tt0088944,10000000,35100000,57491000
tt0890870,10000000,63300095,139352633
tt0391198,10000000,110359362,187281115
tt0276919,10000000,1535286,16689283
tt3521126,10000000,21120616,29820616
tt0112508,10000000,25588734,26488734
tt1314655,10000000,33601190,62695489
tt0089530,10000000,36230219,36230219
tt1502407,10000000,159342015,255485178
tt0096928,10000000,40485039,40507436
tt0263488,10000000,37904175,59371303
tt1307068,10000000,7078738,11681781
tt0929632,10000000,47566524,63649529
tt0462504,10000000,5490423,7177143
tt0412019,10000000,13744960,47329961
tt3195644,10000000,52218558,112983889
tt0082010,10000000,30565292,30565292
tt1412386,10000000,46412041,136836156
tt4094724,10000000,79213375,118587880
tt0981227,10000000,31487293,33556631
tt1172049,10000000,1978592,4366460
tt1564585,10000000,21393620,66984887
tt0105665,10000000,4160851,4183547
tt1126590,10000000,14482031,29253166
tt0160862,10000000,63366989,103166989
tt0088011,10000000,76572238,86572238
tt0166896,10000000,6203044,6416325
tt3882082,10000000,35819556,74136180
tt0086066,10000000,25697647,25697647
tt0286112,10000000,489600,42776760
tt1220198,10000000,25486040,47719794
tt1433811,10000000,1436900,3428048
tt1582507,10000000,31611916,44287131
tt1491044,10000000,1969193,4552970
tt3348730,10000000,38052832,102952888
tt0425413,10000000,6003262,33478921
tt0083131,10000000,85297000,85297000
tt0219699,10000000,12008642,44567606
tt1588334,10000000,4269426,4704757
tt0085407,10000000,20766616,20766616
tt0498353,10200000,17609452,35728183
tt0083866,10500000,435110554,793482178
tt0985694,10500000,26593646,45491656
tt0139134,10500000,38773785,76347426
tt0084516,10700000,77142388,77142388
tt1132626,10800000,56746769,113864059
tt0076759,11000000,460998507,775768912
tt0078748,11000000,81765459,108110316
tt0163651,11000000,102561004,235483004
tt0070047,11000000,232906145,441306145
tt0108550,11000000,10032765,10032765
tt5362988,11000000,33800859,43980821
tt0087363,11000000,153378102,153629030
tt2883512,11000000,31424003,48428048
tt5580036,11000000,30014539,53939297
tt0106308,11000000,11502976,11502976
tt2042568,11000000,13235319,32960249
tt2381111,11000000,38322743,62076141
tt0100814,11000000,16667084,16667084
tt0870984,11000000,404122,7413863
tt1355630,11000000,50474843,78274843
tt0104952,11000000,52929168,64088552
tt1233227,11000000,27693292,68234154
tt0112818,11000000,39363635,39363635
tt0204946,11000000,68379000,90449929
tt0264616,11000000,13110448,17423030
tt1726669,11000000,1987762,4633668
tt1486834,11000000,3493000,8526288
tt0059113,11000000,111721910,111918564
tt0101921,11000000,82418501,119418501
tt6513120,11000000,22958886,40811919
tt0097815,11000000,49797148,49797148
tt3168230,11000000,17737646,29355203
tt0084726,11200000,78912963,78912963
tt6751668,11400000,53369749,257604912
tt0089881,11500000,4135750,4163377
tt0098084,11500000,57469467,57469467
tt0281358,11800000,41281092,47494916
tt2402927,11800000,12711491,40272135
tt0062622,12000000,60541301,68989547
tt2582846,12000000,124872350,307166834
tt0119396,12000000,39673162,39673162
tt2194499,12000000,15322921,87100449
tt1706593,12000000,64575175,126636097
tt0479884,12000000,27838408,42931041
tt3741834,12000000,51738905,140312928
tt2582782,12000000,27007844,37879877
tt0116483,12000000,38824099,41205099
tt1636826,12000000,54731865,102731865
tt0112697,12000000,56631572,60895179
tt0095705,12000000,78756177,78756177
tt0128442,12000000,22912409,22912409
tt0805564,12000000,5972884,11293663
tt0481536,12000000,38108728,43495888
tt0054331,12000000,1830650,1844789
tt0070511,12000000,53267000,53267000
tt0265459,12000000,31597131,52223306
tt1821549,12000000,17654912,27682872
tt0462590,12000000,65328121,114197742
tt1682180,12000000,1714221,12077441
tt1188996,12000000,4018771,42345360
tt3622592,12000000,32000304,85512300
tt2431286,12000000,37709979,100129872
tt2357129,12000000,16131410,42128352
tt0066206,12000000,61749765,61749765
tt0086567,12000000,79567667,79567667
tt0090329,12000000,68706993,68706993
tt0082406,12000000,63456988,63456988
tt0120679,12000000,25885000,56298474
tt1625346,12000000,16311571,22939027
tt1020558,12000000,123570,6890432
tt2436386,12000000,22348241,33213241
tt0084503,12000000,22244207,22258911
tt0164181,12000000,21142914,21142914
tt0335119,12000000,11670971,33030115
tt1082868,12000000,31691811,41319906
tt0083511,12000000,78868508,78868508
tt1591479,12000000,70012847,82499399
tt0423977,12000000,3951699,5254986
tt1124035,12500000,40962534,76338111
tt0914798,12500000,9046156,40416563
tt0104348,12500000,10725228,10725228
tt0095489,12500000,48092846,84576957
tt1600196,12600000,10724389,18658381
tt0295700,12600000,15418790,28650575
tt0168629,12800000,4184036,40031879
tt0071562,13000000,47834595,48035783
tt0947798,13000000,106954678,329398046
tt1659337,13000000,17742948,33384127
tt0289879,13000000,57938693,96822421
tt3170832,13000000,14677654,35401758
tt0120601,13000000,22863596,23106667
tt0183649,13000000,46566212,97837138
tt0093870,13000000,53424681,53424681
tt1132620,13000000,10095170,104414200
tt0108399,13000000,12281551,13092264
tt0107207,13000000,25096862,65796862
tt0242423,13000000,46729800,73180723
tt0093105,13000000,123922370,123922370
tt1911644,13000000,51872378,68572631
tt1007029,13000000,30017992,115890699
tt1478964,13000000,1024175,6206022
tt2170593,13000000,44137712,54837234
tt1235166,13000000,2087720,17874044
tt1045772,13000000,2037459,39408227
tt4686844,13000000,8047856,24646055
tt2057392,13000000,18704595,35259653
tt1711425,13000000,25682380,48065672
tt0401711,13000000,4899278,17471727
tt0098536,13000000,71079915,71079915
tt4540710,13000000,3500605,9915800
tt0049833,13282712,65500000,65500000
tt1441395,13300000,2614251,5735963
tt0100758,13500000,135265915,201965915
tt8364368,13500000,39014193,91542097
tt0090863,13800000,52293982,52293982
tt2084970,14000000,91125683,233555708
tt0388795,14000000,83043761,178062759
tt0100405,14000000,178406268,463407097
tt0117571,14000000,103046663,173046663
tt2584384,14000000,33370906,90335025
tt0086960,14000000,234760478,316360478
tt0100150,14000000,5080409,5080409
tt0096969,14000000,70001698,161001698
tt0076752,14000000,46838673,46838673
tt0106611,14000000,68856263,154856263
tt0817177,14000000,1755212,4225921
tt0093010,14000000,156645693,320145693
tt1352824,14000000,3075255,13657649
tt0971209,14000000,15515460,22955544
tt0094947,14000000,34670720,34670720
tt0105695,14400000,101157447,159157447
tt0117509,14500000,46351345,151842560
tt0107048,14600000,70906973,70906973
tt0169547,15000000,130096601,356296601
tt1010048,15000000,141319928,378410113
tt0118715,15000000,18034458,46735469
tt1504320,15000000,138797449,427374317
tt0758758,15000000,18354356,56674477
tt0780504,15000000,35061555,76976666
tt0470752,15000000,25442958,36869414
tt0887912,15000000,17017811,49230772
tt5027774,15000000,54513740,160192031
tt2980516,15000000,35893537,123726688
tt0780536,15000000,7800824,34085749
tt0093773,15000000,59735548,98399956
tt0084787,15000000,19629760,19629760
tt0166924,15000000,7220243,20129557
tt0077416,15000000,48979328,49074243
tt0092099,15000000,179800601,356830601
tt1179933,15000000,72082998,110216998
tt0109040,15000000,72217396,107217396
tt0056172,15000000,45306425,45710874
tt0463854,15000000,28638916,65048678
tt0094721,15000000,74220408,74270074
tt1817273,15000000,21403519,47052899
tt1931533,15000000,15024049,32226382
tt0118749,15000000,26400640,43101594
tt0093409,15000000,65207127,120207127
tt1655442,15000000,44671682,133432856
tt0083944,15000000,47212904,125212904
tt0052618,15000000,74422622,74427638
tt0373469,15000000,4243756,15785148
tt7349662,15000000,49275340,93400823
tt0416320,15000000,23151529,85638656
tt0088846,15000000,9929135,9947816
tt2023587,15000000,71628180,146428180
tt5083738,15000000,34366783,95918706
tt0810819,15000000,11114018,64191523
tt0454841,15000000,41778863,70008952
tt0091064,15000000,40456565,60632088
tt0094291,15000000,43848069,43848069
tt1563738,15000000,13843771,59389433
tt1334260,15000000,2434652,9918093
tt0099938,15000000,91457688,201957688
tt0086465,15000000,90404800,90404800
tt1764234,15000000,15026056,37930465
tt0116922,15000000,3675201,3703548
tt2305051,15000000,37880356,52501541
tt0096320,15000000,111938388,216614388
tt0133751,15000000,40283321,40283321
tt0309987,15000000,2532228,15121165
tt5140878,15000000,102092201,306515884
tt0373883,15000000,58272029,80460948
tt0475276,15000000,31483450,76700659
tt0404390,15000000,6855137,9380029
tt0277371,15000000,38252284,66468332
tt0085995,15000000,61399552,61399552
tt0120907,15000000,2856712,2856712
tt0418819,15000000,20700082,47074133
tt0808279,15000000,1294919,7938872
tt3063516,15000000,102003019,151826547
tt0119229,15000000,28084357,28084357
tt0095647,15000000,34603943,34603943
tt0118887,15000000,44862187,44862187
tt0844708,15000000,32752215,45995223
tt0098554,15000000,66758538,79258538
tt0882977,15000000,42930462,57824674
tt0088930,15000000,14643997,14643997
tt0120885,15000000,43061945,64256513
tt0088939,15000000,98467863,98467863
tt3203606,15000000,7857741,11430025
tt0115963,15000000,24819936,24819936
tt0465551,15000000,17510118,49814392
tt0439815,15000000,7802450,12834936
tt1972571,15000000,17237855,36233517
tt1178663,15000000,5306706,36020534
tt0091474,15000000,8620929,8620929
tt0107943,15000000,23237911,23237911
tt1172233,15000000,13043363,16691303
tt2402157,15000000,25018119,39661919
tt0083791,15000000,41613957,41630431
tt0462200,15000000,9396870,10907485
tt3850590,15000000,42725475,61548707
tt0497465,15500000,23216709,96409300
tt0975645,15700000,6008677,27039669
tt0093779,16000000,30857814,30882762
tt1748122,16000000,45512466,68263166
tt0098635,16000000,93075866,93083444
tt0375063,16000000,71503593,109706931
tt0838221,16000000,11902715,35307949
tt0215129,16000000,68540777,119754278
tt1403981,16000000,19068240,56032889
tt0091203,16000000,5900000,5900000
tt1131734,16000000,16204793,31556061
tt0114388,16000000,43182776,134582776
tt1191111,16000000,336467,775385
tt0420294,16000000,39517763,51764406
tt0139809,16000000,11916661,18564088
tt1781922,16200000,27288872,54418872
tt0097165,16400000,95860116,235860116
tt0443543,16500000,39868642,87892388
tt0118655,16500000,53883989,67683989
tt0103074,16500000,45360915,45434805
tt0315983,16500000,13040288,16763804
tt2870756,16800000,10539326,51029361
tt6644200,17000000,188024361,340949169
tt1605783,17000000,56817045,153959590
tt0109686,17000000,127175374,247275374
tt0230600,17000000,96522687,209947037
tt0377092,17000000,86058055,130125971
tt1981677,17000000,65001093,115350426
tt0190332,17000000,128078872,213525736
tt1596365,17000000,54333290,128955898
tt0084602,17000000,125049125,125049125
tt1288558,17000000,54239856,97542952
tt0398808,17000000,82272442,137587063
tt0475394,17000000,35787686,57232879
tt0119345,17000000,72586134,125586134
tt1924435,17000000,82390774,138224951
tt4052882,17000000,55124043,119100758
tt0084827,17000000,33000000,33000000
tt5164432,17000000,40826341,66316289
tt0114924,17000000,81057016,182057016
tt0058385,17000000,72560711,72661442
tt0092563,17000000,17185632,17185632
tt1152398,17000000,27865571,43202283
tt0088170,17000000,76471046,76471046
tt0102492,17000000,59489799,59489799
tt0205000,17000000,65538755,92938755
tt0243736,17000000,37950822,95146283
tt0120694,17000000,55041738,55041738
tt0098206,17000000,30050028,30050028
tt1210042,17000000,27163593,45719985
tt0395169,17500000,23530892,33882243
tt1023481,17500000,58017783,150988382
tt0486551,17500000,19185184,20387597
tt0080684,18000000,291286960,549265501
tt0082971,18000000,248159971,390133212
tt2562232,18000000,42340598,103215094
tt0099785,18000000,285761243,477063114
tt0086879,18000000,51973029,52066791
tt0443453,18000000,128505958,262552893
tt1542344,18000000,18335230,60738797
tt0081398,18000000,23383987,23402427
tt0107688,18000000,75082668,89140058
tt2004420,18000000,150157400,270665134
tt0884328,18000000,25594957,57470220
tt1032755,18000000,5700626,25740863
tt0094737,18000000,115227281,151927281
tt2334873,18000000,33405481,99104804
tt0250494,18000000,96520674,141774679
tt0109707,18000000,5887457,5887457
tt0097523,18000000,130724172,222724172
tt0120888,18000000,80245725,123306987
tt0097441,18000000,26979166,26979166
tt2763304,18000000,2402004,41681746
tt0113855,18000000,70454098,122195920
tt0118689,18000000,45319423,251212670
tt0292963,18000000,7084227,25038466
tt4287320,18000000,20497844,40656399
tt0455967,18000000,41011711,68844775
tt0087078,18000000,31042035,31042035
tt2649554,18000000,3712282,6740647
tt0403702,18000000,15281286,19651093
tt1149362,18000000,2222862,19319671
tt0305711,18000000,56127162,101564935
tt0096734,18000000,36601993,49101993
tt0112682,18000000,1738611,1781465
tt1197628,18000000,24007324,26973554
tt2631186,18026148,6738000,7934787
tt0090605,18500000,85160248,131384634
tt0120669,18500000,10680275,10680275
tt1058017,18500000,18451251,32406507
tt0102926,19000000,130742922,272753884
tt0088763,19000000,211406762,388774684
tt0081505,19000000,45332952,46520613
tt0245429,19000000,13750644,355467056
tt0457430,19000000,37634615,83850267
tt0116367,19000000,25836616,25836616
tt0452623,19000000,20292962,34612443
tt0089218,19000000,63192596,63849520
tt0112442,19000000,65807024,141407024
tt0175142,19000000,157019771,278019771
tt5727208,19000000,50023780,50023780
tt0268126,19000000,22498520,32801173
tt1700841,19000000,97685686,140705322
tt0498380,19000000,13756082,68673228
tt0816442,19000000,21488481,76586316
tt0404032,19000000,75072454,145166804
tt3531824,19000000,38583626,85251425
tt0384806,19000000,65233369,107516369
tt0889573,19000000,27779426,49843011
tt0758746,19000000,65002019,91509154
tt0452702,19000000,19363565,35442935
tt1216492,19000000,25918920,32686500
tt1135985,19000000,8402485,18755936
tt0356470,19000000,51438175,70067909
tt1268799,19000000,35061031,36192775
tt5580390,19400000,63859435,195333312
tt0446755,19400000,8060487,26910847
tt0280707,19800000,41308615,87754044
tt1371150,19800000,34296320,41296320
tt0120586,20000000,6719864,23875127
tt0338013,20000000,34400301,74036715
tt2024544,20000000,56671993,187733202
tt0118799,20000000,57563264,230098753
tt2911666,20000000,43037835,86081711
tt0829482,20000000,121463226,170812526
tt0099487,20000000,56362352,86024005
tt1457767,20000000,137400141,319501756
tt1895587,20000000,45055776,98690254
tt0238380,20000000,1203794,5368217
tt1213663,20000000,26004851,46089287
tt1033575,20000000,82584160,177243185
tt0364725,20000000,114326736,168423227
tt0315733,20000000,16290476,60427839
tt0486822,20000000,80209692,118114220
tt6857112,20000000,175084580,255184580
tt2674426,20000000,56245075,208314186
tt6823368,20000000,111048468,246999039
tt1284575,20000000,100292856,216197492
tt0075860,20000000,135189114,306899494
tt0100157,20000000,61276872,61276872
tt0974661,20000000,64167069,136316880
tt0200465,20000000,30060660,64828421
tt1013753,20000000,31841299,54589558
tt0454945,20000000,33741133,57194667
tt0780571,20000000,28549298,48443734
tt0105793,20000000,121697323,183097323
tt1121931,20000000,13684249,34572541
tt0082198,20000000,39565475,68851475
tt2543472,20000000,132422809,323253714
tt0815236,20000000,32010860,49779728
tt0373074,20000000,17108591,104882445
tt0322330,20000000,110230332,160846332
tt0433362,20000000,30101577,51417188
tt0918927,20000000,33446470,51699984
tt7040874,20000000,53548586,97644617
tt0107977,20000000,35739755,35739755
tt1228987,20000000,12134935,27093592
tt4651520,20000000,113257297,183936074
tt0455407,20000000,39123589,54806823
tt1924429,20000000,2328743,24261569
tt0120890,20000000,30147739,30147739
tt0421073,20000000,26418667,66476363
tt2503944,20000000,13651946,36606743
tt0243133,20000000,7504257,18916623
tt0799949,20000000,39739367,87238158
tt0365830,20000000,8334575,13939963
tt1023111,20000000,24850922,41627431
tt1592525,20000000,14326864,32948113
tt1791528,20000000,8110975,14710975
tt0490204,20000000,19661987,22242388
tt0288477,20000000,30113491,68349884
tt1440728,20000000,35606376,67876281
tt1477076,20000000,45710178,136150434
tt0799934,20000000,11175164,30579406
tt1213644,20000000,14190901,34816824
tt0085794,20000000,2536242,2536242
tt1020072,20000000,52076908,66787908
tt0455760,20000000,16809076,22382047
tt0383028,20000000,3083538,4658401
tt1294226,20000000,62950384,89137047
tt0094889,20000000,78222753,171504781
tt5503686,20000000,104963598,157563598
tt0419887,20000000,15800078,75011029
tt0311289,20000000,67406573,71406573
tt2002718,20000000,8008161,17496820
tt0477071,20000000,47852604,84297309
tt0770703,20000000,14011084,30426096
tt0077766,20000000,81766007,187884007
tt0995039,20000000,13367624,27090159
tt0804461,20000000,9534258,16974459
tt0106965,20000000,77698625,153698625
tt0139239,20000000,16943454,28451622
tt2937898,20000000,5749134,12007070
tt1893256,20000000,36895,12671109
tt0795461,20000000,32015787,78378744
tt0113243,20000000,7563728,7563728
tt1712261,20000000,12639297,23177948
tt0101452,20000000,38037513,38037513
tt1226753,20000000,31177548,45636368
tt0356721,20000000,12785432,20094909
tt1045658,21000000,132092958,236412453
tt0293662,21000000,25296447,43928932
tt0265666,21000000,52364010,71441250
tt0158983,21000000,52037603,83137603
tt0108160,21000000,126808165,227927165
tt0084805,21000000,177200000,177200000
tt0498399,21000000,28563179,55033767
tt0837563,21000000,54724696,113118226
tt0389557,21000000,4398532,26768563
tt2531344,21000000,60311495,94017294
tt0463998,21000000,36605602,43095175
tt0108052,22000000,96898818,322287794
tt0320691,22000000,51970690,95708457
tt0099348,22000000,184208848,424208848
tt0083987,22000000,52767889,52767889
tt0099653,22000000,217631306,505870681
tt8367814,22000000,36471795,115171795
tt0261392,22000000,30085147,33788161
tt0277027,22000000,40311852,97818139
tt0106489,22000000,17287898,17287898
tt0475290,22000000,30498085,63647656
tt5814060,22000000,117450119,365551694
tt2312718,22000000,20158898,48449416
tt1206543,22000000,11330849,15661554
tt0111070,22000000,144833357,189833357
tt0384680,22000000,12482775,19126398
tt2980648,22000000,54240821,89514453
tt0398017,22000000,36024076,57479076
tt1726592,22000000,3242457,17669776
tt0316356,22000000,58331254,68296293
tt1753383,22000000,64508620,205736628
tt1130080,22000000,33316821,41771168
tt0099052,22000000,53208180,53208180
tt0094332,22000000,63766510,63766510
tt4550098,22500000,10663357,30311857
tt3007512,22500000,4196641,38176317
tt0094012,22700000,38119483,38119483
tt1798709,23000000,25568251,48517427
tt6966692,23000000,85080171,321752656
tt0110475,23000000,119938730,351583407
tt0129387,23000000,176484651,369884651
tt0195714,23000000,53331147,112880294
tt0134847,23000000,39240659,53187659
tt0109506,23000000,50693129,50693129
tt0120484,23000000,161491646,185991646
tt0307987,23000000,60060328,76488889
tt0384793,23000000,36323505,38623262
tt0102510,23000000,86930411,86930411
tt1083452,23000000,15789389,46152800
tt1506999,23000000,18942396,34513760
tt0105698,23000000,36299898,36299898
tt1568921,23000000,19587032,149184563
tt0884732,23000000,64460211,79799880
tt0206314,23000000,21974919,36642838
tt1156398,23600000,75590286,102392080
tt0347149,24000000,5576743,236212992
tt0302886,24000000,75585093,87135520
tt0479143,24000000,70270943,155929020
tt1007028,24000000,31457946,42784344
tt0465494,24000000,39687694,101276318
tt0120082,24000000,101363301,172363301
tt0102685,24000000,43218387,83531958
tt1100089,24000000,12096300,19206513
tt1433108,24000000,23240020,35626958
tt2671706,24000000,57682904,64414761
tt0124315,24000000,57545092,88545092
tt0464154,24000000,25003155,83188165
tt0101889,24000000,41895491,41895491
tt0112579,24000000,71516617,182016617
tt0111161,25000000,28699976,28815245
tt0099685,25000000,46836214,46879633
tt0477348,25000000,74283625,171627166
tt0086250,25000000,45408703,66023585
tt2278388,25000000,59301324,172940046
tt0936501,25000000,145000989,226837760
tt0469494,25000000,40222514,76181545
tt0095953,25000000,172825435,354825435
tt1291584,25000000,13657115,23308615
tt1454029,25000000,169708112,216639112
tt0327056,25000000,90135191,156595191
tt0101414,25000000,218967620,440118382
tt1060277,25000000,80048433,172394180
tt0964517,25000000,93617009,129190869
tt1193138,25000000,83823381,166842739
tt0449467,25000000,34302837,135330182
tt0094226,25000000,76270454,76270454
tt0450385,25000000,71985628,132963417
tt0107614,25000000,219195243,441286195
tt1601913,25000000,51580236,79781695
tt0243155,25000000,71543427,281929795
tt0898367,25000000,8117000,27639579
tt0138097,25000000,100317794,289317794
tt1411238,25000000,70662220,149228077
tt0265208,25000000,14589444,30381722
tt0308644,25000000,51680613,116650613
tt4846340,25000000,169607287,235956898
tt0356150,25000000,17771387,22605153
tt0241303,25000000,71509363,152699946
tt0106856,25000000,40903593,40903593
tt0465538,25000000,49033882,92991835
tt1655441,25000000,42629776,65663276
tt0272338,25000000,17844216,24665649
tt0989757,25000000,80014842,114984666
tt0387131,25000000,33579797,82466670
tt0414982,25000000,54098051,118890272
tt1234548,25000000,32428195,69095771
tt0108358,25000000,56505065,56505065
tt0274558,25000000,41675994,108846072
tt0091369,25000000,13723253,13907620
tt0090728,25000000,11100000,11100374
tt4276820,25000000,12786053,24121245
tt1692486,25000000,2547047,30722632
tt0103855,25000000,122006740,411006740
tt1524137,25000000,66528000,96262212
tt0453451,25000000,33302167,232225908
tt1860213,25000000,35593113,94073028
tt0435651,25000000,45090374,66980456
tt0870111,25000000,18622031,27426335
tt1408253,25000000,134938200,154468902
tt1327194,25000000,60457138,99357138
tt0480242,25000000,47642963,68474305
tt0099871,25000000,26118851,26118851
tt2193215,25000000,16973715,71009334
tt0337921,25000000,32003620,57678321
tt0480255,25000000,23591432,29397654
tt0126886,25000000,14902041,14902041
tt0452625,25000000,35017297,59768495
tt0499556,25000000,22486409,40481352
tt1322269,25000000,37738810,74188937
tt0107144,25000000,38922972,133752825
tt0151738,25000000,55474756,84565230
tt0450188,25000000,10301706,86274793
tt0132477,25000000,32570685,34698753
tt0100502,25000000,45681173,45681173
tt0852713,25000000,48237389,70439696
tt0092007,25000000,109713132,109713132
tt2568862,25000000,45018541,84918541
tt1095217,25000000,1702112,10606422
tt0861689,25000000,3351751,19844979
tt1366344,25000000,30441326,34942188
tt0092086,25000000,39246734,39246734
tt0090859,25000000,49042224,49042224
tt0396752,25000000,47144110,123276807
tt0165929,25000000,55973336,91036760
tt2039393,25000000,33680992,39280992
tt1034389,25000000,19490041,37989684
tt0091419,25000000,38982260,38982260
tt3530002,25000000,43047372,52395996
tt6921996,25000000,4412170,158970776
tt0271027,25000000,36845124,64437847
tt0405422,26000000,109449237,177378645
tt0357413,26000000,85288303,90649730
tt0190590,26000000,45512588,71868327
tt0363547,26000000,59020957,102278712
tt1212450,26000000,37400127,55404207
tt0107818,26000000,77446440,206678440
tt1980209,26000000,49875291,87305549
tt0309593,26000000,46961214,90941129
tt0247638,26000000,108248956,165335153
tt0421239,26000000,57891803,96258201
tt0765010,26000000,28544157,43474578
tt8079248,26000000,73286650,153009121
tt0404203,26000000,5463019,14821658
tt1114740,26000000,146336178,183348429
tt1038686,26000000,40168080,67918658
tt0102059,26000000,69467617,181096164
tt2140379,26000000,12279691,31807156
tt1486192,26000000,16008272,29699345
tt0099582,26000000,61489265,61489265
tt0795351,26000000,13261851,28190603
tt2387559,26000000,30664106,53120346
tt0120631,26000000,65705771,98005666
tt0113481,26000000,19075720,19075720
tt1972779,26000000,26766213,38609668
tt0117887,26000000,25857416,34585416
tt1219289,27000000,79249455,161849455
tt0910936,27000000,87341380,101624843
tt0425210,27000000,22495466,56308881
tt0376541,27000000,33987757,115505027
tt0118929,27000000,14378331,27200316
tt0080455,27000000,57229890,115229890
tt0116209,27000000,78676425,231976425
tt0097958,27000000,72705146,72705146
tt0093894,27000000,38122105,38122105
tt0088323,27000000,20158808,20251411
tt2241351,27000000,41012075,93282604
tt0116778,27000000,25023434,25023434
tt0119468,27000000,60527873,60527873
tt0086034,27500000,67893619,67893619
tt0095016,28000000,83519093,141482154
tt0083658,28000000,32868943,41492614
tt0087469,28000000,179870271,333107271
tt0103639,28000000,217350219,504050219
tt1596363,28000000,70259870,133440870
tt0104431,28000000,173585516,365154932
tt1650554,28000000,28795985,60795985
tt0414387,28000000,38405088,121616555
tt0196229,28000000,45172250,60780981
tt0358273,28000000,119519402,186797986
tt0309698,28000000,52159536,90259536
tt0430922,28000000,67294270,92649419
tt1398426,28000000,161197785,201634991
tt0097733,28000000,147253986,227853986
tt1204975,28000000,63914167,134409025
tt0365907,28000000,26307600,58834384
tt2854926,28000000,54730625,78130625
tt0092644,28000000,153665036,299965036
tt1702439,28000000,71349120,97594140
tt0240890,28000000,50294317,77516304
tt1622547,28000000,37053924,40662632
tt0107120,28000000,39514713,39514713
tt0082398,28000000,54812802,54812802
tt2172934,28000000,30697999,53260230
tt3316948,28000000,14440985,27262374
tt0481141,28000000,43107979,92601050
tt0455538,28000000,2778752,19152009
tt1355631,28000000,15436808,21011110
tt0332280,29000000,81001787,115882795
tt0878804,29000000,255959475,309208309
tt0285823,29000000,56359780,98769390
tt2848292,29000000,184296230,287144079
tt5439796,29000000,27780977,48453605
tt0366627,29000000,6303762,21733230
tt0102266,29000000,59509925,59509925
tt0145531,29000000,50046268,89446268
tt0095963,29000000,34994648,34994648
tt0237534,29000000,11260096,70752904
tt0114746,29000001,57141459,168839459
tt0266697,30000000,70099045,180899045
tt0114709,30000000,222498679,404265438
tt0378194,30000000,66208183,154116796
tt0093058,30000000,46357676,46357676
tt1136608,30000000,115646235,210888950
tt0405159,30000000,100492203,216763646
tt1276104,30000000,66486205,176506819
tt1250777,30000000,48071303,96188903
tt3783958,30000000,151101803,446486384
tt1259521,30000000,42073277,69935600
tt3397884,30000000,46889293,84872444
tt0087332,30000000,243187079,296425473
tt0478311,30000000,148768917,219922417
tt0111257,30000000,121248145,350448145
tt0087843,30000000,5321508,5472914
tt0147800,30000000,38178166,53485989
tt0800039,30000000,63172463,105833257
tt1401152,30000000,63686397,135710029
tt0783233,30000000,50927067,131016624
tt0252866,30000000,145103595,287553595
tt0420223,30000000,40660952,53653224
tt1798684,30000000,52421953,91970827
tt0335345,30000000,370782930,612054428
tt0112281,30000000,108385533,212385533
tt0431308,30000000,53695808,156835339
tt0106519,30000000,36948322,63851527
tt0210945,30000000,115654751,136706683
tt0481369,30000000,35193167,77677553
tt0993842,30000000,40259119,63782078
tt1127180,30000000,42100625,90842646
tt5109784,30000000,17800004,44516999
tt0089927,30000000,127873716,300473716
tt0117381,30000000,56116183,102616183
tt1606389,30000000,125014030,196114570
tt1959563,30000000,75468583,176600207
tt1458175,30000000,21148651,67448651
tt2053463,30000000,32172757,63414135
tt0758752,30000000,32367005,102820008
tt0099810,30000000,122012643,200512643
tt2406566,30000000,51687870,100014025
tt0276751,30000000,41385278,130549455
tt0443680,30000000,3909149,15001776
tt4555426,30000000,56468410,153129891
tt0146882,30000000,27287137,47126295
tt0389722,30000000,39569000,75513170
tt1129442,30000000,31715062,108979549
tt3569230,30000000,1872994,42972994
tt0988595,30000000,76808654,162655351
tt2080374,30000000,17766658,34441873
tt0110322,30000000,66638883,160638883
tt1054606,30000000,7689607,61808775
tt4209788,30000000,28780744,59284015
tt3104988,30000000,174532921,238538736
tt1939659,30000000,35266619,84790678
tt0472033,30000000,31749894,48428063
tt0101272,30000000,113502426,191502426
tt0393162,30000000,67264877,76669554
tt0312004,30000000,56110897,194111171
tt0257360,30000000,65016287,105834556
tt0093748,30000000,49530280,49530280
tt0112431,30000000,63658910,254134910
tt2404311,30000000,36918811,78418811
tt0329101,30000000,82622655,116632628
tt1023114,30000000,2701859,24172201
tt1327773,30000000,116632095,177313795
tt0460791,30000000,2266905,3669465
tt0426931,30000000,31664162,66122026
tt1656190,30000000,17142080,41564670
tt0256415,30000000,127223418,180622424
tt1073498,30000000,38233676,85897593
tt1590193,30000000,36343858,119942387
tt0901476,30000000,58715510,115375850
tt1438176,30000000,18302607,41002607
tt0110622,30000000,51132598,51132598
tt1017460,30000000,17010170,27127620
tt1195478,30000000,28835528,54169363
tt0127536,30000000,30082699,82150642
tt0892318,30000000,53032453,79628830
tt1259528,30000000,44947622,80509622
tt1078588,30000000,49200230,95714875
tt0362478,30000000,15051977,33334176
tt0443701,30000000,20982478,69363381
tt0090264,30000000,50327960,50327960
tt1385867,30000000,44875481,55611001
tt0270288,30000000,16007718,33013805
tt0402399,30000000,12712093,49334775
tt0382077,30000000,51100486,127369981
tt0116365,30000000,16759216,29359216
tt0208003,30000000,117559438,173959438
tt0370032,30000000,18535812,31070211
tt0345950,30000000,85417988,141067127
tt1212428,30000000,8580410,19263938
tt1674771,30000000,32363404,49263404
tt0411061,30000000,17213467,32593385
tt0095631,30000000,38413606,81613606
tt0398712,30000000,20040895,35294470
tt0107808,30000000,31130999,135130999
tt0483607,30000000,11008770,22472631
tt2013293,30000000,5209580,136454220
tt0790628,30000000,22537881,27437881
tt2377322,30000000,30577122,87937815
tt1098327,30000000,9362785,55720772
tt4513674,30000000,11103205,43763247
tt0102975,30000000,74888996,96888996
tt1321511,30000000,2193658,5186767
tt0119051,30000000,27873386,43312294
tt0391304,30000000,21845719,42886719
tt2101341,30000000,10895295,18074539
tt1583420,30000000,35608245,75055070
tt1586752,30000000,538690,3338690
tt0120324,30000000,16316273,16316273
tt1850457,30000000,87044645,105011053
tt1137450,30000000,34017028,49562710
tt0465624,30000000,22530295,61108981
tt2364841,30000000,19316646,62675095
tt0113161,30250000,72101622,115101622
tt1907668,31000000,93772375,161772375
tt0105323,31000000,63095253,134095253
tt0299977,31000000,53710019,177395557
tt0099077,31000000,52096475,52096475
tt0186151,31000000,45010278,68106245
tt1524930,31000000,58884188,107228221
tt0105417,31000000,139605150,231605150
tt0137363,31000000,24756177,41067311
tt0115685,31000000,124060553,185260553
tt0089755,31000000,87071205,227542205
tt0110932,31000000,24822619,24822619
tt0327679,31000000,22918387,27388767
tt2452244,31000000,48791187,48791187
tt0078788,31500000,83471511,91968688
tt0945513,32000000,54712227,147332697
tt1245492,32000000,101470202,126041322
tt0976051,32000000,34194407,108902486
tt0399146,32000000,31504633,61385065
tt0388482,32000000,43095856,89083229
tt0478304,32000000,13303319,58409247
tt0372588,32000000,32786074,50826898
tt1560747,32000000,16377274,28258060
tt1034303,32000000,28644813,51262751
tt6628394,32000000,17839115,31882724
tt0203019,32000000,48818921,82343495
tt0119303,32000000,30882515,79082515
tt1053424,32000000,13794835,18409891
tt0097742,32000000,34667015,156167015
tt0114214,32000000,18636537,18636537
tt0096061,32000000,60328558,60328558
tt0265349,32000000,35746370,55305279
tt0117333,32000000,104636382,152036382
tt6394270,32000000,31762808,59863792
tt0086190,32500000,309306177,475347111
tt1478338,32500000,169106725,288383523
tt0114369,33000000,100125643,327333559
tt1205489,33000000,148095302,269958228
tt0120804,33000000,40119709,102984862
tt0120812,33000000,141186864,244721064
tt0145660,33000000,206040086,312016928
tt0319343,33000000,174626840,221671773
tt0330793,33000000,33810189,54700105
tt1188729,33000000,10330853,20648328
tt0417148,33000000,34020814,62022014
tt0209958,33000000,61334059,104155843
tt0104797,33000000,48169910,48169910
tt2823054,33000000,46009673,77068246
tt1961175,33000000,36249674,67234188
tt3890160,34000000,107825862,226945087
tt1790864,34000000,102427862,348319861
tt0110632,34000000,50282766,50282766
tt0876563,34000000,15743471,203204882
tt0079574,34000000,70308099,210308099
tt2726560,34000000,37446117,62944815
tt0453556,34000000,54149098,95802916
tt0142342,34200000,163479795,234801895
tt0253474,35000000,32572577,120072577
tt1119646,35000000,277322503,469310836
tt0119488,35000000,64616940,126216940
tt1396484,35000000,328828874,701796444
tt1499658,35000000,117538559,209838559
tt0458352,35000000,124740460,326705902
tt1632708,35000000,55802754,149542245
tt0096895,35000000,251348343,411556825
tt0119008,35000000,41909762,124909762
tt0332379,35000000,81261177,131095614
tt3076658,35000000,109767581,173567581
tt0478087,35000000,81159365,159808370
tt0414993,35000000,10144010,16468343
tt1588173,35000000,66380662,116980662
tt2361509,35000000,75764672,194564672
tt0959337,35000000,22911480,75981180
tt0101540,35000000,79091969,182291969
tt1033643,35000000,80277646,219375562
tt0104714,35000000,144731527,321731527
tt0120744,35000000,56968902,182968902
tt2140373,35000000,83301580,117867984
tt0834001,35000000,45802315,92158961
tt0120681,35000000,31602566,74558115
tt0100403,35000000,30669413,57120318
tt3152624,35000000,110212700,140795793
tt0245844,35000000,54234062,75395048
tt1758830,35000000,67544505,88215156
tt2024432,35000000,134506920,173965010
tt0467197,35000000,40689393,87066930
tt1616195,35000000,37306030,84920539
tt5052474,35000000,50072235,75837743
tt3488710,35000000,10137502,61181942
tt0092965,35000000,22238696,22238696
tt1904996,35000000,17616641,46922566
tt4438848,35000000,55455765,108007109
tt1547234,35000000,20275446,31083599
tt0227538,35000000,112719001,147934180
tt5776858,35000000,21198205,47756590
tt0467200,35000000,26814957,78201830
tt0790686,35000000,30691439,78094714
tt0096446,35000000,57269863,57269863
tt0335245,35000000,39799191,76665191
tt1615160,35000000,34393507,145417936
tt1179056,35000000,63075011,115694863
tt3381008,35000000,6874837,27979040
tt0401445,35000000,7459300,42269923
tt3322364,35000000,34542474,48623572
tt2679042,35000000,22467450,82347656
tt0457510,35000000,80197993,99255460
tt0079945,35000000,82604699,82604699
tt0405325,35000000,63946815,86369815
tt1600195,35000000,28087155,82087155
tt1235522,35000000,19701164,34737199
tt0111280,35000000,75671125,118071125
tt0105690,35000000,83563139,156563139
tt0209475,35000000,60400856,94728529
tt0114508,35000000,60074103,113374103
tt3717252,35000000,30353973,81093313
tt1473832,35000000,24252420,211952420
tt0841046,35000000,18317151,20576198
tt0111301,35000000,33423521,99431786
tt2226597,35000000,30348555,62832209
tt1413492,35000000,45819713,67450815
tt0426592,35000000,25881068,71571300
tt0300051,35000000,25268157,35492921
tt0103241,35000000,63707829,63707829
tt1517451,36000000,215288866,436188866
tt0119177,36000000,12532777,12532777
tt1231587,36000000,50287556,64780213
tt0117008,36000000,33459416,33459416
tt0251160,36000000,71756802,102244770
tt0480687,36000000,45060734,86157237
tt4682786,36000000,31016021,88528280
tt0117318,36000000,20300385,20300385
tt0118607,36000000,44229441,44229441
tt1099212,37000000,193962473,408430415
tt1723121,37000000,150394119,269994119
tt0840361,37000000,92186262,154026136
tt0887883,37000000,60355347,163728902
tt0175880,37000000,22455976,48451803
tt2704998,37000000,69179066,117679066
tt0097428,37000000,112494738,215394738
tt0337563,37000000,57231747,96455697
tt0381707,37000000,70831760,113100873
tt1161864,37000000,33047633,96560591
tt1243974,37000000,21067116,26250020
tt0821640,37500000,55250026,102366815
tt1979320,38000000,26947624,96983009
tt0232500,38000000,144533925,214474595
tt1403865,38000000,171243005,252276927
tt1142988,38000000,88915214,321682600
tt0142688,38000000,18661336,58401898
tt1411250,38000000,42025135,98337295
tt0119738,38000000,127120029,299288605
tt1055292,38000000,53374681,105734416
tt0905372,38000000,16928670,31505287
tt1067583,38000000,58709717,117094902
tt0289992,38000000,19955598,38955598
tt0465580,38000000,31811527,48858618
tt4501244,38000000,60323786,118102725
tt2304933,38000000,34916787,109906372
tt0101761,38000000,34416893,34416893
tt4530422,38000000,21704844,41657844
tt1292566,38000000,46843513,112343513
tt0107211,38000000,106614059,266614059
tt0379786,39000000,25514517,40445129
tt0094898,39000000,128152301,288752301
tt0465602,39000000,12807139,27122238
tt0452694,39000000,63414846,101344412
tt1142977,39000000,35291068,81491068
tt5478478,39000000,29819114,35669017
tt0086393,39000000,59950623,59950623
tt1706620,39200000,4563650,86758912
tt0482571,40000000,53089891,109676311
tt0167404,40000000,293506292,672806292
tt0401792,40000000,74103820,158733820
tt1285016,40000000,96962694,224920315
tt0096874,40000000,119000002,335973020
tt1800241,40000000,150117807,251171807
tt2872732,40000000,126663600,458863600
tt2119532,40000000,67209615,180450918
tt0314331,40000000,59696144,244935382
tt0099088,40000000,88277583,246145853
tt8946378,40000000,165363234,309232797
tt1637688,40000000,37520095,173930596
tt4425200,40000000,92029184,173418558
tt0396269,40000000,209255921,288467645
tt2322441,40000000,166167230,569651467
tt1041829,40000000,163958031,317375031
tt0472043,40000000,50866635,120673227
tt3682448,40000000,72313754,165478348
tt2798920,40000000,32732301,43070915
tt1790885,40000000,95720716,132820716
tt1091191,40000000,125095601,154802912
tt0121164,40000000,53359111,118090836
tt0097757,40000000,111543479,274191153
tt1092026,40000000,37412945,97984015
tt3065204,40000000,102470008,320392818
tt1189340,40000000,58009200,86752352
tt1424381,40000000,52000688,127233108
tt0432283,40000000,21002919,46472606
tt1155056,40000000,71440011,91980359
tt0103874,40000000,82522790,215862692
tt0363988,40000000,48022900,92913171
tt0134119,40000000,81298265,128798265
tt2005151,40000000,43034523,86234523
tt2557490,40000000,43139300,87189756
tt1226229,40000000,60974475,91720255
tt0172493,40000000,28912646,48350205
tt1001508,40000000,93953653,178866158
tt1155076,40000000,176591618,359126022
tt0472399,40000000,29121498,76130093
tt0104691,40000000,75505856,75505856
tt0274166,40000000,28082366,160466000
tt0443274,40000000,72266306,152039882
tt0102138,40000000,70405498,205405498
tt0410297,40000000,52330111,114830111
tt0350258,40000000,75331600,123971376
tt3774114,40000000,21587519,37357216
tt2203939,40000000,83911193,196710396
tt0117913,40000000,108766007,152266007
tt2096672,40000000,86208010,169837010
tt0256380,40000000,70839203,141069860
tt1262416,40000000,38180928,97231420
tt2066051,40000000,96368160,195179299
tt3281548,40000000,108101214,216601214
tt0087182,40000000,30925690,30925690
tt0134273,40000000,36663315,96618699
tt0134084,40000000,89143175,161834276
tt2561572,40000000,90411453,111711453
tt1038919,40000000,67061228,136333522
tt1086772,40000000,46294610,127994610
tt0758730,40000000,41797066,130290885
tt0397065,40000000,32064800,68766121
tt0223897,40000000,33519628,55707411
tt1517260,40000000,26627201,63365859
tt1956620,40000000,38543473,126069509
tt1135503,40000000,94125426,129540522
tt0348836,40000000,59694580,141591324
tt1622979,40000000,42587643,157887643
tt0317198,40000000,40226215,265126918
tt0422720,40000000,15962471,60917189
tt0159273,40000000,58856790,91753202
tt0477302,40000000,31847881,55247881
tt0758766,40000000,50572589,145896422
tt1144884,40000000,66477700,186167139
tt1657507,40000000,36665854,71508440
tt0349205,40000000,138614544,190538630
tt0104694,40000000,107533928,132440069
tt0107206,40000000,102314823,176997168
tt0122718,40000000,54682547,54682547
tt0479997,40000000,24827228,91627228
tt2139881,40000000,30316271,53873809
tt0093428,40000000,51185897,51185897
tt0230838,40000000,25288103,65754228
tt0453562,40000000,95020213,97470701
tt4731136,40000000,8106986,26620002
tt2592614,40000000,26830068,312242626
tt0110074,40000000,2816518,2816518
tt0108525,40000000,48197805,48198564
tt3522806,40000000,21218403,125729635
tt6189022,40000000,69030436,146661977
tt0368933,40000000,95170481,134734481
tt1126618,40000000,31011732,60040976
tt0101393,40000000,77868585,152368585
tt1586265,40000000,41152203,84384002
tt1186367,40000000,38122883,61601280
tt0866439,40000000,46012734,106407672
tt6663582,40000000,33562069,75339459
tt0445990,40000000,57806952,58480828
tt0450345,40000000,23649127,38805380
tt0120177,40000000,54870175,87840042
tt0110989,40000000,38087756,38087756
tt0119978,40000000,45916769,45916769
tt1781769,40600000,12816367,68929150
tt0298203,41000000,116750901,242875078
tt0104257,41000000,141340178,243240178
tt0190138,41300000,57262492,106371651
tt1232829,42000000,138447667,201585328
tt0125439,42000000,116089678,363970211
tt2170439,42000000,54445357,107645357
tt1568338,42000000,18620000,47636031
tt0889583,42000000,60054530,138805831
tt1560220,42000000,73123082,122810399
tt0343135,42000000,88097164,178311729
tt0100507,42000000,40946358,119946358
tt0106918,42000000,158348367,270248367
tt1486185,42000000,37662162,90260376
tt1648179,42000000,45290318,73100172
tt4218572,42000000,42402632,75984700
tt0245674,42000000,41867960,68467960
tt0114558,42000000,7959291,7959291
tt0356618,42000000,67133509,117592831
tt2404463,43000000,159582188,229930771
tt0397101,43000000,47907715,93983911
tt0357277,43000000,24409722,56995646
tt0181536,43000000,51804714,80049764
tt3416532,43000000,3740823,47309313
tt3460252,44000000,54117416,155762510
tt2788710,44000000,6105175,11782625
tt0106977,44000000,183875760,368875760
tt2140479,44000000,86260045,155160045
tt0117665,44000000,53315285,165615285
tt0089880,44000000,150415432,300400432
tt1024648,44500000,136025503,232325503
tt0110357,45000000,422783777,968511805
tt0139654,45000000,76631907,104876233
tt0454848,45000000,88513495,186003591
tt1397280,45000000,139854287,376141306
tt0119528,45000000,181410615,302710615
tt0120611,45000000,70087718,131183530
tt0825232,45000000,93466502,175372502
tt0299658,45000000,170687518,306776732
tt0452608,45000000,36316032,76014335
tt1649419,45000000,19019882,198087212
tt0318627,45000000,51201453,129342769
tt0212346,45000000,106807667,212742720
tt0432021,45000000,50648679,147717833
tt0120630,45000000,106834564,224834564
tt3631112,45000000,75395035,173185859
tt1139328,45000000,15541549,60331447
tt0257106,45000000,71308997,141220678
tt0177789,45000000,71583916,90683916
tt0430105,45000000,74494381,92374674
tt1549920,45000000,12050299,48330757
tt5606664,45000000,31581712,72381712
tt1615065,45000000,47382068,82966152
tt1634122,45000000,8305970,160078586
tt0117731,45000000,92027888,146027888
tt0362120,45000000,90710620,178262620
tt0200550,45000000,60786269,113916474
tt0445922,45000000,24602291,29625761
tt0105112,45000000,83351587,178051587
tt0376136,45000000,13109815,30134958
tt0342258,45000000,24537621,50871113
tt0118615,45000000,65885767,136885767
tt4572514,45000000,31886361,52185751
tt1204342,45000000,88631237,165184237
tt0364045,45000000,32682342,65470529
tt0107798,45000000,100768056,195268056
tt0385307,45000000,48478006,101393569
tt0368709,45000000,26850426,52164016
tt1711525,45000000,54767494,114501299
tt0264472,45000000,66818548,94935764
tt0111255,45000000,57362582,170362582
tt0114436,45000000,20350754,20350754
tt0333780,45000000,90186328,124914842
tt1392214,46000000,61002302,122126687
tt0278504,46000000,67355513,113758770
tt0292506,46000000,52802140,101191884
tt0490215,46000000,7100177,23834809
tt0109813,46000000,130531208,341631208
tt0162650,46000000,70334258,107626125
tt0351977,46000000,46437717,57223890
tt2543164,47000000,100546139,203388186
tt0485947,47000000,3622,3559160
tt0115798,47000000,60240295,102825796
tt0307479,47000000,14973382,30002758
tt0106220,47000000,48919043,48919043
tt0097576,48000000,197171806,474310887
tt0298130,48000000,129128133,249348933
tt0258000,48000000,96397334,197079546
tt0181865,48000000,124115725,207515725
tt0949731,48000000,64506874,163403799
tt2446042,48000000,89256424,326479141
tt0102798,48000000,165493908,390493908
tt0306047,48000000,110003217,220673217
tt0250687,48000000,56618055,85498534
tt0230030,48000000,37886980,90383208
tt0155267,48000000,69305181,124305181
tt0120780,48000000,37562568,77745568
tt0035423,48000000,47121859,76019048
tt7401588,48000000,67363237,120556201
tt1823672,49000000,31569268,102811889
tt0103772,49000000,117727224,352927224
tt0267804,49000000,43905746,74005691
tt1240982,49900000,21596445,28013733
tt1637725,50000000,218815487,549368315
tt1570728,50000000,84351197,145051197
tt1210166,50000000,75605492,110206216
tt2294449,50000000,191719337,331333876
tt0408236,50000000,52898073,153383627
tt0119174,50000000,48323648,109423648
tt1650062,50000000,127004179,260095986
tt0399295,50000000,24149632,72617068
tt0103644,50000000,55473545,159814498
tt3799694,50000000,36261763,62788218
tt0119822,50000000,148478011,314178011
tt1197624,50000000,73357727,127944208
tt0203009,50000000,57386607,184935030
tt1259571,50000000,297816253,711025481
tt2024469,50000000,92168600,222809600
tt1343727,50000000,13414714,41037742
tt0116695,50000000,153952592,273552592
tt1211956,50000000,25135965,137328301
tt0163978,50000000,39785027,144056873
tt0448011,50000000,79957634,183658498
tt0462499,50000000,42754105,113244290
tt0384537,50000000,46982632,100605135
tt0251127,50000000,105813373,177502387
tt1605630,50000000,57011521,234989584
tt1428538,50000000,55703475,226349749
tt0401855,50000000,62318875,111476513
tt0371724,50000000,51085416,104478416
tt0362270,50000000,24020403,34808403
tt1872194,50000000,47119388,84419388
tt1229340,50000000,127352707,173649931
tt1489889,50000000,127440871,216972543
tt3532216,50000000,51342000,134866593
tt0280590,50000000,126293452,171269535
tt1389137,50000000,75624550,120081841
tt6294822,50000000,81903458,192938646
tt2180411,50000000,128002372,212902372
tt1034032,50000000,20534907,40828540
tt0120768,50000000,44547681,44547681
tt0365737,50000000,50824620,93974620
tt0114069,50000000,67659560,189859560
tt0112642,50000000,100328194,287928194
tt4172430,50000000,52853219,69411370
tt0118617,50000000,58406347,139804348
tt1131729,50000000,8017917,36348784
tt1528854,50000000,150357137,242786137
tt0367959,50000000,27670986,82169884
tt7959026,50000000,103804407,174804407
tt2199571,50000000,26461644,71561644
tt6343314,50000000,115715889,214215889
tt0300471,50000000,60476872,88323487
tt1502404,50000000,10721033,40909909
tt0099700,50000000,41482207,41482207
tt0377109,50000000,76231249,163995949
tt0963178,50000000,25450527,60253843
tt0174856,50000000,50699241,73956241
tt1212419,50000000,32746941,106956330
tt0115759,50000000,70770147,150270147
tt0250797,50000000,52775765,119137784
tt0356634,50000000,75369589,203172417
tt0112401,50000000,30303072,30303072
tt1206885,50000000,44819352,91490353
tt0377818,50000000,80270227,111069515
tt0109254,50000000,42614912,119208989
tt2274648,50000000,21903748,44665289
tt0371257,50000000,3626883,8483797
tt0427229,50000000,88715192,130224158
tt0378109,50000000,18801234,46117696
tt0119173,50000000,48169156,48169156
tt5294550,50000000,25113707,56996304
tt0462465,50000000,166003,7034698
tt0387877,50000000,22545080,49332692
tt0116225,50000000,25477365,25477365
tt1014763,50000000,1224330,12951093
tt0421054,50000000,10169202,22984628
tt2106361,50000000,47602194,161502194
tt1608290,50000000,28848693,56722693
tt2262227,50000000,50151543,99783556
tt4560436,50000000,36108758,66308758
tt1462041,50000000,21302340,39984400
tt2381941,50100000,53862963,158762963
tt1385826,50200000,62495645,127869379
tt0183505,51000000,90570999,149270999
tt0264464,52000000,164615351,352114312
tt0112641,52000000,42512375,116112375
tt1727824,52000000,216668042,906884690
tt0112384,52000000,173837933,355237933
tt0795421,52000000,144169664,609910134
tt0195685,52000000,125595205,256271286
tt0120863,52000000,36400491,98127436
tt1488555,52000000,37081475,75450437
tt0450232,52000000,36895141,65664721
tt0452594,52000000,118703275,205668210
tt0817230,52000000,110485654,216485654
tt1179034,52000000,24077427,52844496
tt0340163,52000000,34639939,77663556
tt0221027,53000000,52990775,83282296
tt1355683,53000000,62575678,99775678
tt0112740,53000000,91387195,157387195
tt0377471,53000000,56046979,95763716
tt0434409,54000000,70511035,132511035
tt0099674,54000000,66666062,136766062
tt0187738,54000000,82348319,155010032
tt0117218,54000000,128814019,273961019
tt0081573,54000000,108185706,108185706
tt0463034,54000000,75628110,130628903
tt0109830,55000000,330455270,678229452
tt7286456,55000000,335451311,1074251311
tt0454921,55000000,163566459,307127625
tt1535109,55000000,107100855,218791811
tt0455944,55000000,101530738,192330738
tt0212338,55000000,166244045,330444045
tt0381849,55000000,53606916,70016220
tt0814314,55000000,69951824,169748929
tt0824747,55000000,35739802,113398237
tt3402236,55000000,102826543,352789811
tt2719848,55000000,43482270,203427584
tt0328828,55000000,104565114,232722935
tt0111282,55000000,71567262,196567262
tt0122690,55000000,41616262,41616262
tt0114148,55000000,141579773,346079773
tt0078346,55000000,134451603,300451667
tt1279935,55000000,98711404,152263880
tt0408790,55000000,89707299,223387299
tt2554274,55000000,31090320,74679822
tt0184894,55000000,56937502,99274467
tt0120632,55000000,78685114,198685114
tt0146838,55000000,75530832,100230832
tt0104070,55000000,58422650,149022650
tt0865556,55000000,52075270,128792411
tt1109624,55000000,76271832,282374179
tt0098439,55000000,63408614,63408614
tt4465564,55000000,114581250,381545846
tt1396218,55000000,68224452,187361754
tt0252076,55000000,94011225,154906693
tt0839980,55000000,33479698,44004502
tt1126591,55000000,39440655,89519773
tt0119190,55000000,105263257,174463257
tt0113071,55000000,37600435,127600435
tt0414055,55000000,16383509,75782758
tt0131325,55000000,66384775,98625775
tt0163988,55000000,16797191,16797191
tt0970411,55000000,7873007,17929684
tt0185014,55000000,19393557,33426588
tt0395699,56000000,113086868,198636868
tt1598822,56000000,54544638,142044638
tt0344510,56600000,6524389,69424389
tt0118971,57000000,60944660,152944660
tt0106697,57000000,58055768,58055768
tt1071875,57000000,51774002,132563930
tt0236493,57000000,66845033,147845033
tt0116136,57000000,51367375,115267375
tt1431045,58000000,363070709,782612155
tt0268978,58000000,170742341,316791257
tt1245526,58000000,90380162,199006387
tt5442430,58000000,30234022,100541806
tt2234155,58000000,44672764,93492844
tt0425123,58000000,48318130,102854431
tt1051904,58000000,80080379,158260952
tt0120844,58000000,70187658,112587658
tt2179136,58800000,350126372,547426372
tt0268380,59000000,176387405,383257136
tt1213641,59000000,44936545,105697415
tt0120689,60000000,136801374,286801374
tt0120382,60000000,125618201,264118201
tt0126029,60000000,267665011,487769799
tt0113277,60000000,67436818,187436818
tt0258463,60000000,121661683,214034224
tt0362227,60000000,77872883,219100084
tt0446029,60000000,31524275,47664559
tt0317740,60000000,106128601,176070171
tt1490017,60000000,257760692,468060692
tt0790724,60000000,80070736,218340595
tt0110148,60000000,105264608,223664608
tt1598778,60000000,75658097,136515867
tt0181875,60000000,32534850,47383689
tt0368447,60000000,114197520,256697520
tt0113189,60000000,106429941,352194034
tt0396171,60000000,2223293,135039924
tt3263904,60000000,125070033,240797623
tt1464540,60000000,55100437,149878437
tt1321870,60000000,46000903,105200903
tt0327597,60000000,75286229,124596837
tt0370263,60000000,80282231,177427090
tt1220634,60000000,60128566,300228084
tt0119081,60000000,26673242,26673242
tt1057500,60000000,37491364,122426792
tt0822832,60000000,143153751,255743093
tt3300542,60000000,62524260,205754447
tt0335438,60000000,88237754,170268750
tt3393786,60000000,58697076,162146076
tt0277296,60000000,91047077,180630907
tt1538403,60000000,31165421,95396573
tt2446980,60000000,56451232,101134059
tt0253556,60000000,43061982,82150183
tt1648190,60000000,50701325,113231078
tt0149261,60000000,73648142,164648142
tt1205537,60000000,50577412,135503748
tt0120789,60000000,40584421,49805462
tt4302938,60000000,48023088,76249438
tt0822847,60000000,29137000,78309505
tt6266538,60000000,47836282,76073488
tt0373051,60000000,101704370,244232688
tt0419706,60000000,28212337,58072119
tt0313737,60000000,93354851,199043242
tt0119395,60000000,54930280,159330280
tt0338337,60000000,53790451,117248958
tt0218967,60000000,75793305,124745083
tt0120873,60000000,57167405,102367405
tt0298814,60000000,31186896,73498611
tt1623288,60000000,56003051,107139399
tt1045778,60000000,43337279,62357900
tt0138524,60000000,35327628,120801243
tt0313542,60000000,49443628,80154140
tt0116705,60000000,60592389,129832389
tt0879870,60000000,80574010,204594016
tt0408839,60000000,36787257,128453183
tt1034331,60000000,40081410,79498846
tt1559547,60000000,19452138,60052138
tt0289848,60000000,32130627,55003135
tt0290095,60000000,50547998,104391623
tt0120787,60000000,67638368,128038368
tt0099371,60000000,82670733,157920733
tt0164334,60000000,74078174,105178561
tt0952640,60000000,217326974,365352546
tt0253754,60000000,43254409,67336470
tt0494238,60000000,17303424,62803180
tt1374992,60000000,105095,22187813
tt0120749,60000000,32935289,93107289
tt0477051,60000000,95673607,159814490
tt3045616,60000000,7696134,47275695
tt0110216,60000000,36763355,108431355
tt0317303,60000000,104297061,164433867
tt2267998,61000000,167767189,369330363
tt0822854,61000000,47003582,95696996
tt1707386,61000000,148809770,441809770
tt4046784,61000000,81697192,312296056
tt1272878,61000000,75612460,131940411
tt0445934,61000000,118594548,145710347
tt3766354,62000000,102084362,190400157
tt0402022,62000000,25874337,53321673
tt0325805,62000000,36906460,65565672
tt4500922,62000000,58032443,288175335
tt0109444,62000000,122187717,215887717
tt0141926,62000000,77122415,127666415
tt0137523,63000000,37030102,101218804
tt0133093,63000000,171479930,465718588
tt0107290,63000000,404214720,1033758854
tt0295178,63000000,213307889,296938801
tt0095956,63000000,53715611,189015611
tt0416449,65000000,210614939,456068181
tt0443706,65000000,33080084,84785914
tt0369339,65000000,101005703,220926695
tt1231583,65000000,100539043,211780824
tt0113497,65000000,100499940,262821940
tt0100802,65000000,119412921,261317921
tt0120663,65000000,55691208,162242684
tt1645170,65000000,59650222,179379533
tt0838283,65000000,100468793,128107642
tt0443272,65000000,182207973,275293450
tt3079380,65000000,110825712,235666219
tt0128853,65000000,115821495,250821495
tt1596350,65000000,54760791,156491279
tt0183790,65000000,56569702,117487473
tt0359013,65000000,52411906,131977904
tt0380510,65000000,44114232,93621340
tt0458481,65000000,13757804,39407616
tt1809398,65000000,115637895,161459297
tt1855325,65000000,42345531,240159255
tt1000774,65000000,152647258,418765321
tt0406375,65000000,29258869,65079104
tt1418377,65000000,19075290,76801179
tt0469641,65000000,70278893,163247198
tt0304415,65000000,63860942,141337989
tt0181316,65000000,68518533,117758500
tt1234719,65000000,44806783,50950296
tt0186566,65000000,90464773,128884132
tt0116908,65000000,33447612,89456761
tt0130018,65000000,40002112,40002112
tt0167190,66000000,59623958,99378985
tt2369135,66000000,43577636,203277636
tt1568911,66000000,79884879,177584879
tt0137494,66000000,87704396,212404396
tt0120902,66000000,83898313,189176423
tt0462322,67000000,25037897,25422088
tt2713180,68000000,85817906,211822697
tt0259711,68000000,100618344,203388341
tt0215750,68000000,51401758,96976270
tt1325004,68000000,300531751,698491347
tt2637276,68000000,81476385,215863606
tt0272152,68000000,50338485,65001485
tt1298649,68000000,35353000,68267862
tt0227445,68000000,71107711,114252154
tt0164184,68000000,118907036,193921372
tt1389072,68000000,24449754,55003890
tt0285531,68000000,33715436,81240406
tt0120053,68000000,61363304,118063304
tt0132347,68000000,29762011,33461011
tt1323594,69000000,251513985,543113985
tt2873282,69000000,46874505,151572634
tt1469304,69000000,58060186,177856751
tt1611224,69000000,37519139,116471580
tt0427152,69000000,73026337,86855739
tt0361748,70000000,120540719,321455689
tt0120815,70000000,217049603,482349603
tt0319061,70000000,66809693,123218424
tt1068680,70000000,97690976,223241637
tt0099423,70000000,117540947,240247433
tt0328107,70000000,77911774,130834852
tt0386588,70000000,179495555,371594210
tt2302755,70000000,98925640,170270201
tt0486655,70000000,38634938,137515140
tt0102057,70000000,119654823,300854823
tt0758774,70000000,39394666,115900897
tt0408306,70000000,47403685,130982129
tt0116996,70000000,37771017,101371017
tt0207201,70000000,182811707,374111707
tt0096438,70000000,156452370,329803958
tt5164214,70000000,140218711,297718711
tt0829150,70000000,56280355,217124280
tt1217613,70000000,83552429,211819354
tt0295701,70000000,142109382,277448382
tt0129167,70000000,23159305,23180087
tt0096754,70000000,54461047,90000098
tt0435705,70000000,18211013,77621983
tt1496025,70000000,62321039,160112671
tt0120102,70000000,37957682,131457682
tt2177771,70000000,78031620,156706638
tt1448755,70000000,25124966,57084522
tt0106582,70000000,84049211,255000211
tt0431197,70000000,47536778,87019158
tt0120794,70000000,101413188,218613188
tt0293508,70000000,51268815,154648887
tt1078940,70000000,109204945,171844840
tt1027718,70000000,52474616,134748021
tt1482459,70000000,214030500,348840316
tt0452637,70000000,42285169,72785169
tt0364970,70000000,22532572,72109200
tt0163187,70000000,152257509,309460292
tt1232200,70000000,36931089,57719093
tt0406816,70000000,55011732,94973540
tt0346156,70000000,37762677,57947036
tt0150377,70000000,116741558,177841558
tt0770752,70000000,70231041,111231041
tt0120828,70000000,74339294,164839294
tt0443489,70000000,103365956,155430335
tt0133952,70000000,40981289,116672912
tt1186830,70000000,619423,39457342
tt0118998,71500000,144156605,294456605
tt0112573,72000000,75609945,213216216
tt0286106,72000000,227966634,408247917
tt0418763,72000000,62658220,97076152
tt0272020,72000000,18244060,27642707
tt0415306,72500000,148213377,163362095
tt0119567,73000000,229086679,618638999
tt0145681,73000000,66518655,151493655
tt1985949,73000000,107509366,352333929
tt0185183,73000000,21471685,29725663
tt0120832,73000000,55591409,103891409
tt2293640,74000000,336045770,1159443129
tt1670345,75000000,117723989,351723989
tt0120903,75000000,157299718,296339528
tt0116629,75000000,306169268,817400891
tt0372183,75000000,176241941,290835269
tt0217869,75000000,95011339,248118121
tt0351283,75000000,193595521,542063846
tt0493464,75000000,134508551,342463063
tt0343660,75000000,120908074,198520934
tt0117500,75000000,134069511,335062621
tt0462538,75000000,183135014,536414270
tt0453467,75000000,64038616,180557550
tt0118880,75000000,101117573,224012234
tt1638355,75000000,45445109,107045109
tt6146586,75000000,171015687,326709727
tt0985699,75000000,83077833,201545517
tt0118583,75000000,47795658,161376069
tt0305224,75000000,135645823,195745823
tt2709768,75000000,368384330,875457937
tt0307453,75000000,160861908,374583879
tt0120647,75000000,140464664,349464664
tt1253864,75000000,83504017,226904017
tt0120188,75000000,60652036,107752036
tt3062096,75000000,34343574,220021259
tt0471042,75000000,78046570,152930623
tt0358082,75000000,128200012,262511490
tt3470600,75000000,270395425,634154922
tt0277434,75000000,78122718,115374915
tt0427327,75000000,118871849,203552922
tt1201167,75000000,51855045,71585235
tt0314353,75000000,43734876,86468162
tt0472062,75000000,66661095,119483446
tt1509767,75000000,20374484,132274484
tt0110478,75000000,101631272,183031272
tt0115433,75000000,136189294,320689294
tt0385880,75000000,73661010,141861243
tt0118883,75000000,75982834,136982834
tt0386140,75000000,46464023,142400065
tt1103153,75000000,47059963,98159963
tt6911608,75000000,120634935,399906661
tt1336608,75000000,38518613,59418613
tt0120791,75000000,46732881,46732881
tt4575576,75000000,99215042,197744377
tt0219965,75000000,41575141,67631903
tt0206634,76000000,35552383,70595464
tt1690953,76000000,368065385,970766005
tt0322259,76000000,127154901,236350661
tt1392170,78000000,408010692,694394724
tt0289765,78000000,93149898,209196298
tt0287978,78000000,102543518,179179718
tt0311429,78000000,66465204,179265204
tt1985966,78000000,119793567,274325949
tt7349950,79000000,211593228,473093228
tt0159365,79000000,95636509,173013509
tt1397514,79000000,103860290,335260290
tt0810913,79000000,74158157,149673788
tt1130884,80000000,128012934,294804195
tt1411697,80000000,254464305,586764305
tt0120616,80000000,155385488,415933406
tt0117060,80000000,180981856,457731198
tt0119094,80000000,112276146,245676146
tt1320253,80000000,103068524,274470394
tt1037705,80000000,94835059,157107755
tt0103776,80000000,162902340,266903053
tt0438097,80000000,195330621,667094506
tt0290002,80000000,279261160,522657936
tt0257044,80000000,104454762,181001478
tt1375670,80000000,162001186,271457301
tt1564367,80000000,103028109,214945591
tt0425061,80000000,130319208,230685453
tt1059786,80000000,101440743,178767383
tt0986263,80000000,38577772,122444772
tt0275847,80000000,145794338,273144151
tt0970416,80000000,79366978,233093859
tt0117705,80000000,90418342,230418342
tt0327084,80000000,155019340,339795890
tt0122933,80000000,106885658,176885658
tt2191701,80000000,133668525,246984278
tt0257076,80000000,116934650,207725639
tt4116284,80000000,175750384,311950384
tt0251075,80000000,38345494,98376292
tt0268695,80000000,56832494,123729176
tt0117438,80000000,136492681,309492681
tt0337741,80000000,124728738,265328738
tt3469046,80000000,264624300,1034799409
tt2510894,80000000,169700110,474800000
tt0368008,80000000,65955630,96105910
tt0120184,80000000,37020277,37020277
tt0373926,80000000,72708161,162944923
tt1226273,80000000,43313890,81126522
tt0960731,80000000,110101975,212874864
tt0119137,80000000,92977226,177977226
tt0383216,80000000,82226474,164115897
tt0371246,80000000,42726869,55470154
tt1219342,80000000,55675313,140073390
tt0427392,80000000,15074191,40170558
tt0171363,80000000,91411151,177311151
tt0120738,80000000,69117629,136159423
tt0119925,80000000,17626234,17626234
tt0116040,80000000,33023469,159212469
tt0166813,80000000,73280117,122563539
tt0369436,80000000,120146040,164112721
tt2025690,80000000,27569558,52099090
tt2802144,81000000,128261724,414351546
tt0315327,81000000,242829261,484592874
tt0978764,82000000,36392502,89792502
tt0398165,82000000,158119460,191466556
tt0125664,82000000,34607430,47434430
tt0216216,82000000,34604280,96085477
tt0389860,82500000,137355633,240685326
tt1485796,84000000,174340174,435086403
tt1821694,84000000,53262560,148075565
tt0267913,84000000,153294164,275650703
tt7713068,84500000,84158461,201858461
tt0240772,85000000,183417150,450717150
tt1840309,85000000,150947895,288885818
tt0496806,85000000,117154724,311312624
tt0489099,85000000,80172128,225132113
tt1013752,85000000,155064265,360364265
tt0411477,85000000,75986503,168319243
tt0457939,85000000,63224849,205841885
tt0463985,85000000,62514415,158964610
tt0837562,85000000,148313048,358375603
tt1599348,85000000,126373434,208076205
tt0119282,85000000,99112101,252712101
tt0118571,85000000,172956409,315156409
tt0461770,85000000,127807262,340487652
tt0762107,85000000,120059556,187134117
tt3640424,85000000,40098064,119520023
tt0397535,85000000,57490508,162242962
tt0107362,85000000,50016394,137298489
tt0451079,85000000,154529439,298572799
tt0120889,85000000,55382927,55382927
tt0327850,85000000,47726342,80981914
tt0185431,85000000,39464775,58292295
tt1230414,85000000,112735375,219103655
tt0400717,85000000,85105259,200811689
tt1293847,85000000,44898413,346118277
tt1667353,85000000,64935167,183018522
tt3794354,85000000,146066470,306766470
tt0233469,85000000,40077257,78382433
tt0374536,85000000,63313159,131426169
tt0151137,85000000,14276317,66976317
tt0212985,87000000,165092268,351692268
tt0329575,87000000,120277854,148336445
tt0352248,88000000,61649911,108539911
tt2120120,88000000,78747585,244874809
tt0355295,88000000,37916267,105316267
tt3829266,88000000,51024708,160542134
tt0407887,90000000,132384315,291465034
tt0988045,90000000,209028679,524028679
tt0120363,90000000,245852179,497374776
tt0162222,90000000,233632142,429632142
tt7131622,90000000,142502728,374343626
tt0119654,90000000,250690539,589390539
tt1568346,90000000,102515793,232617430
tt0112864,90000000,100012499,366236538
tt4633694,90000000,190241310,375540831
tt2283362,90000000,404540171,962102237
tt0359950,90000000,58236838,188133322
tt0187078,90000000,101648571,237202299
tt0118884,90000000,100920329,171120329
tt0120762,90000000,120620254,304320254
tt3110958,90000000,65075540,334897606
tt0120660,90000000,111549836,250849789
tt1080016,90000000,196573705,886686817
tt0119643,90000000,44619100,142940100
tt1436562,90000000,143619809,483866518
tt0266915,90000000,226164286,347325802
tt0960144,90000000,100018837,204313400
tt2935510,90000000,50188370,127461872
tt2404435,90000000,93432655,162360636
tt4776998,90000000,8224288,12448676
tt2333784,90000000,39322544,214657577
tt0140352,90000000,29089912,60289912
tt0120784,90000000,81526121,161626121
tt0418689,90000000,33602376,65900249
tt1502397,90000000,204417855,424617855
tt0113492,90000000,34693481,113493481
tt1854564,90000000,68559554,199850315
tt0129290,90000000,135026902,202292902
tt0816462,90000000,21295021,63523283
tt1618442,90000000,27367660,146936910
tt0416236,90000000,71195053,164170327
tt0120461,90000000,49323468,122823468
tt0317705,92000000,261441092,631606713
tt0942385,92000000,110515313,195702811
tt0265086,92000000,108638745,172989651
tt1606378,92000000,67349198,304654182
tt0117998,92000000,241721524,494471524
tt0120737,93000000,315544750,887934303
tt1318514,93000000,176760185,481800873
tt0119116,93000000,63820180,264029966
tt0163025,93000000,181171875,368780809
tt0160127,93000000,125305545,264105545
tt0167260,94000000,377845905,1142271098
tt0167261,94000000,342551365,951227416
tt0266543,94000000,380843261,940350086
tt1365519,94000000,58250803,274650803
tt8579674,95000000,159227644,384857224
tt1667889,95000000,161321843,877244782
tt0814255,95000000,88768303,226497209
tt0120746,95000000,94095523,250288523
tt1661199,95000000,201151353,542351353
tt0325703,95000000,65660196,160099222
tt1790886,95000000,86907746,104907746
tt0164052,95000000,73209340,190213455
tt0138749,95000000,50863742,76432727
tt1121096,95000000,17223265,114178613
tt3315342,97000000,226277068,619021436
tt2316204,97000000,74262031,240891763
tt1950186,97600000,117624357,225508210
tt0209163,98000000,202019785,443280904
tt1853728,100000000,162805434,425368238
tt0993846,100000000,116900694,392000694
tt1454468,100000000,274092705,723192705
tt0295297,100000000,262450136,879569371
tt5013056,100000000,189740665,526949403
tt0450259,100000000,57377916,171720398
tt0217505,100000000,77812000,193772504
tt0765429,100000000,130164645,269755430
tt1270797,100000000,213515506,856085151
tt0162661,100000000,101071502,206071502
tt0120667,100000000,154696080,333535934
tt0360486,100000000,75976178,230884728
tt0368891,100000000,173008894,347512318
tt1764651,100000000,85028192,314975955
tt0212720,100000000,78616689,235926552
tt1152836,100000000,97104620,214104620
tt0448115,100000000,140371656,365971656
tt1386588,100000000,119219978,170458922
tt0112462,100000000,184069126,336567531
tt1243957,100000000,67631157,278780441
tt1234721,100000000,58607007,242688965
tt2209764,100000000,23022309,103039258
tt0133152,100000000,180011740,362211740
tt0844471,100000000,124870275,243006126
tt1111422,100000000,65452312,150166126
tt0477080,100000000,81562942,167805466
tt0120917,100000000,89302687,169327687
tt0366548,100000000,198000317,384336108
tt1267297,100000000,72688614,244819862
tt0116583,100000000,100138851,325338851
tt0369441,100000000,110332737,204681899
tt0947810,100000000,35053660,154711438
tt0449010,100000000,75030163,250425512
tt1390411,100000000,25020758,93920758
tt0161081,100000000,155464351,291420351
tt0327554,100000000,40202379,82102379
tt0182789,100000000,58223861,87423861
tt1921064,100000000,23219748,117831631
tt0970866,100000000,148438600,310650585
tt0146675,100000000,66889043,211989043
tt0116213,100000000,101295562,242295562
tt1571234,100000000,15951040,83672673
tt3717490,100000000,85364450,142337240
tt0386117,100000000,77233467,100140096
tt0848537,100000000,107518682,268426634
tt0317648,100000000,67303450,108040622
tt1261945,100000000,95347692,290745055
tt0183523,100000000,60883407,110983407
tt0423294,100000000,58867694,152005713
tt0316396,100000000,48462608,121975011
tt0457400,100000000,49438370,68777554
tt4532826,100000000,30824628,86493046
tt0103064,102000000,205881154,520884847
tt0181689,102000000,132072926,358372926
tt1371111,102000000,27108272,130482868
tt0244244,102000000,69772969,147080413
tt0172495,103000000,187705427,465361176
tt1951261,103000000,112200072,362000072
tt2357291,103000000,131538435,498781117
tt4649466,104000000,100234838,410902662
tt1343092,105000000,144840419,353641895
tt0120201,105000000,54814377,121214377
tt0296572,105000000,57761012,115900534
tt0120587,105000000,90757863,171757863
tt0443649,105000000,94784201,269784201
tt0780521,105000000,104400899,267045765
tt0248667,107000000,58203105,87812729
tt3659388,108000000,228433663,630161890
tt0440963,110000000,227471070,444100035
tt0290334,110000000,214949694,407711549
tt5463162,110000000,324591735,785794179
tt0356910,110000000,186336279,487287646
tt0337978,110000000,134529403,388156011
tt0349903,110000000,125544280,362744280
tt1355644,110000000,100014699,303144152
tt0338751,110000000,102610330,213719942
tt0477347,110000000,250863268,574480841
tt0433035,110000000,85468508,299268508
tt0944835,110000000,118311368,293503354
tt1253863,110000000,106580051,337580051
tt0187393,110000000,113330342,215294342
tt0429493,110000000,77222099,177238796
tt1731141,110000000,61737191,125544024
tt0259324,110000000,115802596,228738393
tt1324999,110000000,281287133,712205856
tt2908446,110000000,130179072,297002527
tt2126355,110000000,155190832,473990832
tt1219827,110000000,40563557,169801921
tt0120347,110000000,125304276,333011068
tt1935859,110000000,87242834,296482446
tt1860357,110000000,61433527,121790373
tt3410834,110000000,66184051,179246868
tt2283336,110000000,80001807,253890701
tt0343737,110000000,59952835,100266865
tt0327437,110000000,24008137,72178895
tt0472181,110000000,142614158,563749323
tt1320261,112000000,42779261,237382724
tt0121766,113000000,380270577,868390560
tt0329774,113000000,26873932,71022693
tt0198781,115000000,289916256,578981070
tt0120915,115000000,474544677,1027082707
tt0121765,115000000,310676740,653779970
tt1535108,115000000,93050117,286140700
tt0111503,115000000,146282411,378882411
tt0146316,115000000,131168070,274703340
tt0266987,115000000,62362560,143049560
tt2381991,115000000,48390190,164989338
tt0245562,115000000,40914068,77628265
tt0118928,116000000,67127760,178127760
tt1013743,117000000,76423035,261989769
tt0454876,120000000,124987023,609016565
tt0343818,120000000,144801023,353133898
tt1483013,120000000,89107235,286168572
tt1430132,120000000,132556852,414828246
tt0317219,120000000,244082982,461991867
tt0120623,120000000,162798565,363258859
tt1673434,120000000,292324737,829746820
tt4196776,120000000,162434410,415484914
tt0349683,120000000,51882244,203567857
tt0990407,120000000,98780042,227817248
tt1502712,120000000,56117548,167882881
tt2231461,120000000,101028233,428028233
tt0305357,120000000,100830111,259175788
tt0230011,120000000,84056472,186053725
tt1981128,120000000,33700160,221600160
tt0811080,120000000,43945766,93945766
tt0170016,123000000,260044825,345141403
tt1201607,125000000,381409310,1342166497
tt0241527,125000000,318087620,1001985848
tt1515091,125000000,186848418,543848418
tt0319262,125000000,186740799,552639571
tt1951265,125000000,337135885,755356711
tt0382625,125000000,217536138,760006945
tt1596343,125000000,209837675,626137675
tt0120755,125000000,215409889,546388108
tt1194173,125000000,113203870,276144750
tt0800320,125000000,163214888,493214993
tt1959490,125000000,101200044,359200044
tt1386703,125000000,58877969,198467168
tt0118688,125000000,107353792,238235915
tt1291150,125000000,191204754,485004754
tt2094766,125000000,54647948,240697856
tt2345759,125000000,80227895,409231607
tt7975244,125000000,316831246,796575993
tt3874544,125000000,175003033,527965936
tt5758778,125000000,68420120,305858384
tt1679335,125000000,153707064,346864462
tt0399201,126000000,35818913,162949164
tt2692250,127000000,113746621,363204635
tt0328880,128000000,85336277,250397798
tt2386490,129000000,160799505,521800153
tt1951264,130000000,424668047,865011746
tt1446714,130000000,126477084,403354469
tt0478970,130000000,180202163,519311965
tt0304141,130000000,249975996,796158319
tt0409459,130000000,107509799,185382813
tt0441773,130000000,215434591,631746197
tt0320661,130000000,47398413,218122627
tt0486576,130000000,131921738,301913131
tt0172156,130000000,138608444,273339556
tt1001526,130000000,148415853,321885765
tt0465234,130000000,219964115,459242249
tt0120855,130000000,171091819,448191819
tt1815862,130000000,60522097,243611982
tt0120685,130000000,136314294,379014294
tt1583421,130000000,122523060,375740705
tt4779682,130000000,145443742,530259473
tt0448694,130000000,149260504,554987477
tt0455824,130000000,49554002,211787511
tt0790736,130000000,33618855,78324220
tt0318649,130000000,68671925,119240351
tt5028340,130000000,171958438,349545966
tt0407304,132000000,234280354,603873119
tt1911658,132000000,83850911,373515621
tt0164912,133000000,140035367,300135367
tt1663202,135000000,183637894,532950503
tt1192628,135000000,123477607,245724603
tt0983193,135000000,77591831,373993951
tt0481499,135000000,187168425,587204668
tt0143145,135000000,126943684,361832400
tt4701182,135000000,127195589,467989645
tt0430357,135000000,63450470,164231296
tt2224026,135000000,177397510,386041607
tt3949660,135000000,82051601,245623848
tt1860353,135000000,83028128,282570682
tt0286716,137000000,132177234,245285165
tt0173840,137000000,32131830,85131830
tt1025100,138000000,48546770,173469516
tt0145487,139000000,407022860,825025036
tt0325980,140000000,305413918,654264015
tt0371746,140000000,319034126,585796247
tt0458339,140000000,176654505,370569774
tt0325710,140000000,111127263,454627263
tt0120591,140000000,201578182,553709788
tt0120912,140000000,193735288,445135288
tt0213149,140000000,198542554,449220945
tt0339291,140000000,118634549,211468235
tt1528100,140000000,65014513,268175631
tt0177971,140000000,182618434,328718434
tt0122151,140000000,130444603,285444603
tt0293564,140000000,140125968,258097122
tt2404233,140000000,31153464,150680864
tt0133240,140000000,38176783,110041363
tt3691740,140000000,55483770,195243411
tt0246460,142000000,160942139,431971116
tt1289401,144000000,128350574,229147509
tt1229238,145000000,209397903,694713380
tt1646971,145000000,177002924,621537519
tt1277953,145000000,216391482,746921274
tt1446192,145000000,103412758,306941670
tt0859163,145000000,102491776,403449830
tt2267968,145000000,143528619,521170825
tt0864835,145000000,111506430,275698039
tt0451279,149000000,412563408,821847012
tt0424095,149000000,64665672,178281554
tt0372784,150000000,206852432,373654966
tt1392190,150000000,154058340,375225175
tt0800369,150000000,181030624,449326618
tt0480249,150000000,256393010,585410052
tt0382932,150000000,206445654,623726085
tt0418279,150000000,319246193,709709780
tt0421715,150000000,127509326,335802786
tt0796366,150000000,257730019,385680446
tt0381061,150000000,167445960,616501619
tt0369610,150000000,652270625,1670401444
tt2294629,150000000,400738009,1280803353
tt0330373,150000000,290417905,896381256
tt0234215,150000000,281576461,741847890
tt0373889,150000000,292353413,942133343
tt0458525,150000000,179883157,373062864
tt1856101,150000000,92054159,259239658
tt0242653,150000000,139313948,427344064
tt0448157,150000000,227946274,629443428
tt0800080,150000000,134806913,264770996
tt2948356,150000000,341268248,1023789075
tt0367594,150000000,206459076,474968763
tt0298148,150000000,441226247,928760770
tt2381249,150000000,195042377,682716636
tt0317919,150000000,134029801,398479497
tt0970179,150000000,73864507,185770160
tt0808151,150000000,133375846,485930816
tt3521164,150000000,248757044,643347400
tt1302011,150000000,165249063,665692281
tt1077368,150000000,79727149,245527149
tt3450958,150000000,146880162,490719763
tt2334879,150000000,73103784,205366737
tt0479952,150000000,180010950,603900354
tt0311113,150000000,93927920,211622535
tt0397892,150000000,114053579,309979994
tt1646987,150000000,83670083,301970083
tt1078912,150000000,177243721,413106170
tt0442933,150000000,82280579,196393745
tt0963966,150000000,63150991,215283742
tt0938283,150000000,131772187,319713881
tt0389790,150000000,126631277,293514336
tt5884052,150000000,144105346,433005346
tt4520988,150000000,477373578,1450026933
tt2034800,150000000,45540830,334933831
tt2557478,150000000,59874525,290930148
tt0780653,150000000,61979680,139789765
tt0396555,150000000,97822171,169333034
tt0371606,150000000,135386665,314432837
tt1340138,155000000,89760956,440603537
tt0346491,155000000,34297191,167298192
tt0980970,155000000,104386950,415686217
tt1375666,160000000,292576195,869784991
tt1270798,160000000,146408305,352616690
tt4154664,160000000,426829839,1128276090
tt0831387,160000000,200676069,524976069
tt1905041,160000000,238679850,788680968
tt1477834,160000000,335061807,1148485886
tt6320628,160000000,390532085,1131927996
tt1951266,160000000,281723902,658344137
tt0413267,160000000,322719944,813367380
tt2771200,160000000,504481165,1264064380
tt0338526,160000000,120177084,300157638
tt0803096,160000000,47365290,439048914
tt0120657,160000000,32698899,61698899
tt0409182,160000000,60674817,181674817
tt0120179,160000000,48608066,164508066
tt5095030,162000000,216648740,622674139
tt0409847,163000000,100240551,174822325
tt0816692,165000000,188020017,696742056
tt0892769,165000000,217581231,494878759
tt1211837,165000000,232641920,677718395
tt2245084,165000000,222527828,657868146
tt1772341,165000000,189422889,471222889
tt0892791,165000000,238736787,752600867
tt0338348,165000000,187224490,313500433
tt1628841,165000000,103144286,389681935
tt2015381,170000000,333176600,772791156
tt1843866,170000000,259766572,714421503
tt1981115,170000000,206362140,644783140
tt2103281,170000000,208545589,710644566
tt1104001,170000000,172062763,400062763
tt1735898,170000000,155332381,396592829
tt4881806,170000000,417719760,1331958159
tt0437086,170000000,85710210,404852543
tt0120891,170000000,113804681,222104681
tt3741700,170000000,110500138,386600138
tt2567026,170000000,77041381,299457024
tt3861390,170000000,114766307,353284621
tt1049413,175000000,293004164,735099082
tt2096673,175000000,356921711,858071350
tt1386697,175000000,325100054,746846894
tt2250912,175000000,334201140,880166924
tt0332452,175000000,133378256,497409852
tt1677720,175000000,137690172,582893671
tt2380307,175000000,209726015,807083670
tt3040964,175000000,364001123,966552003
tt1046173,175000000,150201498,302469017
tt1972591,175000000,39175066,148675066
tt0114898,175000000,88246220,264218220
tt0892782,175000000,198351526,381509870
tt1335975,175000000,38362475,151783839
tt0413099,175000000,100462298,174440724
tt5848272,175000000,201091711,529323962
tt3606752,175000000,152901115,383930656
tt1617661,176000000,47387723,183887723
tt2239822,177200000,41189488,225874228
tt1631867,178000000,100206256,370541256
tt3385516,178000000,155442489,543934105
tt4912910,178000000,220159104,791120426
tt0910970,180000000,223808164,521311860
tt0903624,180000000,303003568,1017003568
tt3501632,180000000,315058289,853979142
tt3183660,180000000,234037575,814038508
tt0363771,180000000,291710957,745013115
tt1587310,180000000,241410378,758411648
tt0385752,180000000,70107728,372234864
tt0918940,180000000,126643061,356700357
tt6139732,183000000,355559216,1050693953
tt0468569,185000000,535234033,1005455211
tt0367882,185000000,317101119,790653942
tt1217209,185000000,237283207,538983207
tt3731562,185000000,168052812,566652812
tt2660888,185000000,158848340,343471816
tt6450804,185000000,62253077,261119292
tt4777008,185000000,113929605,491730089
tt0816711,190000000,202359711,540007876
tt1663662,190000000,101802906,411002906
tt1408101,190000000,228778661,467365246
tt2820852,190000000,353007020,1515048151
tt1964418,190000000,93436322,209035668
tt1399103,195000000,352390543,1123794079
tt1351685,195000000,65187603,197687603
tt0120338,200000000,659363944,2195169869
tt1300854,200000000,409013994,1214811252
tt0435761,200000000,415004880,1066969703
tt1228705,200000000,312433331,623933331
tt1877832,200000000,233921534,746045700
tt1074638,200000000,304360277,1108561013
tt1825683,200000000,700426566,1347280838
tt3896198,200000000,389813101,863756051
tt3748528,200000000,532177324,1056057720
tt0316654,200000000,373585825,788976453
tt1872181,200000000,202853933,708982323
tt0830515,200000000,168368427,589580482
tt1055369,200000000,402111870,836303693
tt1014759,200000000,334191110,1025467110
tt0181852,200000000,150371112,433371112
tt1190080,200000000,166112167,791217826
tt0438488,200000000,125322469,371353001
tt1453405,200000000,268492764,743559607
tt0473075,200000000,90759676,336365676
tt1133985,200000000,116601172,219851172
tt0955308,200000000,105269730,321669741
tt3606756,200000000,608581744,1242805359
tt2277860,200000000,486295561,1028570889
tt4123430,200000000,159555901,654855901
tt1979376,200000000,434038008,1073394593
tt6806448,200000000,173956935,759056935
tt1216475,200000000,191452396,559852396
tt6565702,200000000,65845974,252442974
tt1979388,200000000,123087120,332207671
tt1067106,200000000,137855863,325286646
tt0360717,207000000,218080025,562363449
tt1440129,209000000,65422625,303025485
tt0376994,210000000,234362462,460435291
tt2109248,210000000,245439076,1104054072
tt1210819,215000000,89302115,260502115
tt1623205,215000000,234911825,493311825
tt3371366,217000000,130168683,605425157
tt0848228,220000000,623357910,1518814206
tt0770828,225000000,291045518,668045518
tt0383574,225000000,423315812,1066179725
tt1170358,225000000,258366855,958366855
tt1409024,225000000,179020854,624026776
tt0499448,225000000,141621490,419665568
tt0948470,230000000,262030663,757930663
tt1790809,230000000,172558876,794878815
tt0499549,237000000,760507625,2790439092
tt2488496,245000000,936662225,2068224036
tt2379713,245000000,200074609,880674609
tt1345836,250000000,448139099,1081133191
tt2395427,250000000,459005868,1402808753
tt3498820,250000000,408084349,1153332120
tt2975590,250000000,330360194,873637528
tt1298650,250000000,241071802,1045713802
tt2310332,250000000,255119788,956019788
tt0417741,250000000,302305431,934408366
tt0401729,250000000,73078100,284139100
tt4630562,250000000,226008385,1236005118
tt0413300,258000000,336530303,894983373
tt0398286,260000000,200821936,592461732
tt6105098,260000000,543638043,1656963790
tt0348150,270000000,200081192,391081192
tt2527338,275000000,515202542,1074144248
tt3778644,275000000,213767512,392924807
tt0449088,300000000,309420425,960996492
tt0974015,300000000,229024295,681871991
tt2527336,317000000,620181382,1332540187
tt4154756,321000000,678815482,2048359754
tt4154796,356000000,858373000,2797800564
tt0317248,593728,7564459,30680793
tt0123755,289682,501818,565727
tt0385004,15659009,11050094,92863945
tt0082096,18561941,11487676,11487676
tt0130827,2030212,7267585,7267585
tt0017136,3480364,1236166,1349711
tt0125659,2528934,370720,377967
tt1189073,11372150,3185812,33678406
tt0369702,11372150,2104923,43731621
tt0414852,13646580,1200216,11169386
tt3312830,13987744,2703296,23459358
tt0363163,15390000,5509040,92181574
tt1924396,15390000,100035,20919703
tt1467304,1710000,181467,325113
tt1571222,17100000,5704709,30519436
tt2053425,17556000,2062027,25807712
tt1859650,19380000,16685867,73244881
tt0338095,2508000,3681066,6291958
tt0113247,2952600,280859,280859
tt0464141,3876000,7161284,78638987
tt3464902,4560000,9077245,15456717
tt5726616,4560000,18095701,41887595
tt2278871,4560000,2199787,19465835
tt1216487,4560000,7638241,67153225
tt1343097,4560000,5190196,44276335
tt0421082,5130000,872252,8159508
tt0301357,5472000,4064200,79316957
tt0441909,8493000,12899867,85585177
tt1034314,8550000,122082,10109659
tt0387898,9120000,3647381,16197824
tt2358891,10488000,2852400,24663082
tt1675434,10830000,10198820,426588510
tt0110413,19840720,19501238,19552639
tt0101700,4140672,1794187,1794187
tt0053472,69011,363031,378503
tt0100263,8626400,5017971,5017971
tt0087884,1568700,2181987,2206121
tt0864761,18225000,13848978,43343384
tt0117951,2025000,16491080,16593356
tt0480025,2025000,329379,8481254
tt0986233,2025000,154084,3185113
tt0926084,202500000,296347721,976952911
tt1340800,27000000,24149393,81244605
tt0071853,309926,1827696,1938877
tt0093389,31050000,43984230,43993508
tt0765443,33750000,17266000,56107312
tt0448134,35100000,3675753,34806360
tt0087803,4050000,8430492,8430492
tt1687901,4050000,209696,6879667
tt0435625,4725000,26024456,57130027
tt1716772,4725000,36000,88823111
tt0286499,4725214,32543449,76585828
tt0365748,5400000,13542874,30081497
tt0375912,5400000,2339957,11850214
tt0097937,810000,14743391,14743391
tt0208092,8100000,30328156,83557872
tt1655420,8640000,14600347,35057696
tt0425112,10800000,23637265,80743363
tt0120735,1296000,3753929,3753929
tt0436697,13230000,56441711,123384128
tt4849438,32500000,20186659,254158390
tt2082197,3900000,2804874,4490134
tt1187043,7150000,6532874,60262836
tt1562872,7150000,3108485,5192743
tt5074352,9100000,12391761,303723636
tt0091605,17553120,7153487,7153487
tt0094625,9570000,553171,1863460
tt0047478,1087500,318649,322773
tt0119698,20880000,4845631,169785629
tt0851578,2610000,882267,944915
tt5311514,3219000,5017246,358922706
tt0113568,5220000,515905,515905
tt0097814,6960000,1004057,10150365
tt5700672,8500000,2129768,92754562
tt4016934,8500000,2006788,37767206
tt0468492,10383175,2201923,89433436
tt0451094,3570000,211667,23834149
tt1740707,2189000,253444,5341098
tt1614989,3333000,1200010,18962444
tt0069293,14000,22168,134788
tt0079944,84000,292049,303815
